Workbook

Sheet HISTORICO GERAL
A1: DATA EXPORTAÇÃO | B1: NOME | C1: SUBPREFEITURA* | D1: SETOR* | E1: SELIMP* | F1: DIAS DE EXECUÇÃO * | G1: STATUS COMUNICAÇÃO | H1: BATERIA | I1: ÚLTIMA COMUNICAÇÃO
A2: 46009 | B2: SMSUB-LUTOCAR-03-0002 | C2: =IFERROR( INDEX(#REF!,MATCH($E2,#REF!,0)), IFERROR( INDEX('SETORES VARRIÇÃO'!$A:$A,MATCH($E2,'SETORES VARRIÇÃO'!$H:$H,0)), IFERROR( INDEX(#REF!,MATCH($E2,#REF!,0)), INDEX(#REF!,MATCH($E2,#REF!,0)) ))) -> JT | D2: =IFERROR( INDEX(#REF!,MATCH($E2,#REF!,0)), IFERROR( INDEX('SETORES VARRIÇÃO'!$B:$B,MATCH($E2,'SETORES VARRIÇÃO'!$H:$H,0)), IFERROR( INDEX(#REF!,MATCH($E2,#REF!,0)), INDEX(#REF!,MATCH($E2,#REF!,0)) ))) -> JT10303VJ0025 | E2: =SUBSTITUTE(B2,"SMSUB-LUTOCAR-","") -> 03-0002 | F2: =IFERROR( INDEX(#REF!,MATCH($E2,#REF!,0)), IFERROR( INDEX('SETORES VARRIÇÃO'!$F:$F,MATCH($E2,'SETORES VARRIÇÃO'!$H:$H,0)), IFERROR( INDEX(#REF!,MATCH($E2,#REF!,0)), INDEX(#REF!,MATCH($E2,#REF!,0)) ))) -> Terça/Sexta | G2: OFF | H2: 100% (Bateria desatualizada) | I2: 06/12/2025 17:00:15
A3: 46009 | B3: SMSUB-LUTOCAR-03-0004 | C3: =IFERROR( INDEX(#REF!,MATCH($E3,#REF!,0)), IFERROR( INDEX('SETORES VARRIÇÃO'!$A:$A,MATCH($E3,'SETORES VARRIÇÃO'!$H:$H,0)), IFERROR( INDEX(#REF!,MATCH($E3,#REF!,0)), INDEX(#REF!,MATCH($E3,#REF!,0)) ))) -> JT | D3: =IFERROR( INDEX(#REF!,MATCH($E3,#REF!,0)), IFERROR( INDEX('SETORES VARRIÇÃO'!$B:$B,MATCH($E3,'SETORES VARRIÇÃO'!$H:$H,0)), IFERROR( INDEX(#REF!,MATCH($E3,#REF!,0)), INDEX(#REF!,MATCH($E3,#REF!,0)) ))) -> JT10304VJ0059 | E3: =SUBSTITUTE(B3,"SMSUB-LUTOCAR-","") -> 03-0004 | F3: =IFERROR( INDEX(#REF!,MATCH($E3,#REF!,0)), IFERROR( INDEX('SETORES VARRIÇÃO'!$F:$F,MATCH($E3,'SETORES VARRIÇÃO'!$H:$H,0)), IFERROR( INDEX(#REF!,MATCH($E3,#REF!,0)), INDEX(#REF!,MATCH($E3,#REF!,0)) ))) -> Quarta/Sábado | G3: OFF | H3: 100% (Bateria desatualizada) | I3: 06/12/2025 17:21:31
A4: 46009 | B4: SMSUB-LUTOCAR-03-0005 | C4: =IFERROR( INDEX(#REF!,MATCH($E4,#REF!,0)), IFERROR( INDEX('SETORES VARRIÇÃO'!$A:$A,MATCH($E4,'SETORES VARRIÇÃO'!$H:$H,0)), IFERROR( INDEX(#REF!,MATCH($E4,#REF!,0)), INDEX(#REF!,MATCH($E4,#REF!,0)) ))) -> JT | D4: =IFERROR( INDEX(#REF!,MATCH($E4,#REF!,0)), IFERROR( INDEX('SETORES VARRIÇÃO'!$B:$B,MATCH($E4,'SETORES VARRIÇÃO'!$H:$H,0)), IFERROR( INDEX(#REF!,MATCH($E4,#REF!,0)), INDEX(#REF!,MATCH($E4,#REF!,0)) ))) -> JT10202VJ0054 | E4: =SUBSTITUTE(B4,"SMSUB-LUTOCAR-","") -> 03-0005 | F4: =IFERROR( INDEX(#REF!,MATCH($E4,#REF!,0)), IFERROR( INDEX('SETORES VARRIÇÃO'!$F:$F,MATCH($E4,'SETORES VARRIÇÃO'!$H:$H,0)), IFERROR( INDEX(#REF!,MATCH($E4,#REF!,0)), INDEX(#REF!,MATCH($E4,#REF!,0)) ))) -> Segunda/Quarta/Sexta | G4: OFF | H4: 100% (Bateria desatualizada) | I4: 04/12/2025 08:25:30
A5: 46009 | B5: SMSUB-LUTOCAR-03-0008 | C5: =IFERROR( INDEX(#REF!,MATCH($E5,#REF!,0)), IFERROR( INDEX('SETORES VARRIÇÃO'!$A:$A,MATCH($E5,'SETORES VARRIÇÃO'!$H:$H,0)), IFERROR( INDEX(#REF!,MATCH($E5,#REF!,0)), INDEX(#REF!,MATCH($E5,#REF!,0)) ))) -> JT | D5: =IFERROR( INDEX(#REF!,MATCH($E5,#REF!,0)), IFERROR( INDEX('SETORES VARRIÇÃO'!$B:$B,MATCH($E5,'SETORES VARRIÇÃO'!$H:$H,0)), IFERROR( INDEX(#REF!,MATCH($E5,#REF!,0)), INDEX(#REF!,MATCH($E5,#REF!,0)) ))) -> JT10303VJ0036 | E5: =SUBSTITUTE(B5,"SMSUB-LUTOCAR-","") -> 03-0008 | F5: =IFERROR( INDEX(#REF!,MATCH($E5,#REF!,0)), IFERROR( INDEX('SETORES VARRIÇÃO'!$F:$F,MATCH($E5,'SETORES VARRIÇÃO'!$H:$H,0)), IFERROR( INDEX(#REF!,MATCH($E5,#REF!,0)), INDEX(#REF!,MATCH($E5,#REF!,0)) ))) -> Terça/Sexta | G5: OFF | H5: 100% (Bateria desatualizada) | I5: 12/12/2025 12:17:31
A6: 46009 | B6: SMSUB-LUTOCAR-03-0009 | C6: =IFERROR( INDEX(#REF!,MATCH($E6,#REF!,0)), IFERROR( INDEX('SETORES VARRIÇÃO'!$A:$A,MATCH($E6,'SETORES VARRIÇÃO'!$H:$H,0)), IFERROR( INDEX(#REF!,MATCH($E6,#REF!,0)), INDEX(#REF!,MATCH($E6,#REF!,0)) ))) -> MG | D6: =IFERROR( INDEX(#REF!,MATCH($E6,#REF!,0)), IFERROR( INDEX('SETORES VARRIÇÃO'!$B:$B,MATCH($E6,'SETORES VARRIÇÃO'!$H:$H,0)), IFERROR( INDEX(#REF!,MATCH($E6,#REF!,0)), INDEX(#REF!,MATCH($E6,#REF!,0)) ))) -> MG10101VJ0009 | E6: =SUBSTITUTE(B6,"SMSUB-LUTOCAR-","") -> 03-0009 | F6: =IFERROR( INDEX(#REF!,MATCH($E6,#REF!,0)), IFERROR( INDEX('SETORES VARRIÇÃO'!$F:$F,MATCH($E6,'SETORES VARRIÇÃO'!$H:$H,0)), IFERROR( INDEX(#REF!,MATCH($E6,#REF!,0)), INDEX(#REF!,MATCH($E6,#REF!,0)) ))) -> Segunda a Domingo | G6: OFF | H6: 100% (Bateria desatualizada) | I6: 05/12/2025 02:08:42
A7: 46009 | B7: SMSUB-LUTOCAR-03-0012 | C7: =IFERROR( INDEX(#REF!,MATCH($E7,#REF!,0)), IFERROR( INDEX('SETORES VARRIÇÃO'!$A:$A,MATCH($E7,'SETORES VARRIÇÃO'!$H:$H,0)), IFERROR( INDEX(#REF!,MATCH($E7,#REF!,0)), INDEX(#REF!,MATCH($E7,#REF!,0)) ))) -> CV | D7: =IFERROR( INDEX(#REF!,MATCH($E7,#REF!,0)), IFERROR( INDEX('SETORES VARRIÇÃO'!$B:$B,MATCH($E7,'SETORES VARRIÇÃO'!$H:$H,0)), IFERROR( INDEX(#REF!,MATCH($E7,#REF!,0)), INDEX(#REF!,MATCH($E7,#REF!,0)) ))) -> CV10203VJ0052 | E7: =SUBSTITUTE(B7,"SMSUB-LUTOCAR-","") -> 03-0012 | F7: =IFERROR( INDEX(#REF!,MATCH($E7,#REF!,0)), IFERROR( INDEX('SETORES VARRIÇÃO'!$F:$F,MATCH($E7,'SETORES VARRIÇÃO'!$H:$H,0)), IFERROR( INDEX(#REF!,MATCH($E7,#REF!,0)), INDEX(#REF!,MATCH($E7,#REF!,0)) ))) -> Terça/Quinta/Sábado | G7: OFF | H7: 100% (Bateria desatualizada) | I7: 06/12/2025 21:48:36
A8: 46009 | B8: SMSUB-LUTOCAR-03-0013 | C8: =IFERROR( INDEX(#REF!,MATCH($E8,#REF!,0)), IFERROR( INDEX('SETORES VARRIÇÃO'!$A:$A,MATCH($E8,'SETORES VARRIÇÃO'!$H:$H,0)), IFERROR( INDEX(#REF!,MATCH($E8,#REF!,0)), INDEX(#REF!,MATCH($E8,#REF!,0)) ))) -> MG | D8: =IFERROR( INDEX(#REF!,MATCH($E8,#REF!,0)), IFERROR( INDEX('SETORES VARRIÇÃO'!$B:$B,MATCH($E8,'SETORES VARRIÇÃO'!$H:$H,0)), IFERROR( INDEX(#REF!,MATCH($E8,#REF!,0)), INDEX(#REF!,MATCH($E8,#REF!,0)) ))) -> MG10101VJ0013 | E8: =SUBSTITUTE(B8,"SMSUB-LUTOCAR-","") -> 03-0013 | F8: =IFERROR( INDEX(#REF!,MATCH($E8,#REF!,0)), IFERROR( INDEX('SETORES VARRIÇÃO'!$F:$F,MATCH($E8,'SETORES VARRIÇÃO'!$H:$H,0)), IFERROR( INDEX(#REF!,MATCH($E8,#REF!,0)), INDEX(#REF!,MATCH($E8,#REF!,0)) ))) -> Segunda a Domingo | G8: OFF | H8: 100% (Bateria desatualizada) | I8: 05/12/2025 13:28:17
A9: 46009 | B9: SMSUB-LUTOCAR-03-0014 | C9: =IFERROR( INDEX(#REF!,MATCH($E9,#REF!,0)), IFERROR( INDEX('SETORES VARRIÇÃO'!$A:$A,MATCH($E9,'SETORES VARRIÇÃO'!$H:$H,0)), IFERROR( INDEX(#REF!,MATCH($E9,#REF!,0)), INDEX(#REF!,MATCH($E9,#REF!,0)) ))) -> JT | D9: =IFERROR( INDEX(#REF!,MATCH($E9,#REF!,0)), IFERROR( INDEX('SETORES VARRIÇÃO'!$B:$B,MATCH($E9,'SETORES VARRIÇÃO'!$H:$H,0)), IFERROR( INDEX(#REF!,MATCH($E9,#REF!,0)), INDEX(#REF!,MATCH($E9,#REF!,0)) ))) -> JT10302VJ0011 | E9: =SUBSTITUTE(B9,"SMSUB-LUTOCAR-","") -> 03-0014 | F9: =IFERROR( INDEX(#REF!,MATCH($E9,#REF!,0)), IFERROR( INDEX('SETORES VARRIÇÃO'!$F:$F,MATCH($E9,'SETORES VARRIÇÃO'!$H:$H,0)), IFERROR( INDEX(#REF!,MATCH($E9,#REF!,0)), INDEX(#REF!,MATCH($E9,#REF!,0)) ))) -> Segunda/Quinta | G9: OFF | H9: 100% (Bateria desatualizada) | I9: 05/12/2025 13:25:11
A10: 46009 | B10: SMSUB-LUTOCAR-03-0017 | C10: =IFERROR( INDEX(#REF!,MATCH($E10,#REF!,0)), IFERROR( INDEX('SETORES VARRIÇÃO'!$A:$A,MATCH($E10,'SETORES VARRIÇÃO'!$H:$H,0)), IFERROR( INDEX(#REF!,MATCH($E10,#REF!,0)), INDEX(#REF!,MATCH($E10,#REF!,0)) ))) -> MG | D10: =IFERROR( INDEX(#REF!,MATCH($E10,#REF!,0)), IFERROR( INDEX('SETORES VARRIÇÃO'!$B:$B,MATCH($E10,'SETORES VARRIÇÃO'!$H:$H,0)), IFERROR( INDEX(#REF!,MATCH($E10,#REF!,0)), INDEX(#REF!,MATCH($E10,#REF!,0)) ))) -> MG10101VJ0012 | E10: =SUBSTITUTE(B10,"SMSUB-LUTOCAR-","") -> 03-0017 | F10: =IFERROR( INDEX(#REF!,MATCH($E10,#REF!,0)), IFERROR( INDEX('SETORES VARRIÇÃO'!$F:$F,MATCH($E10,'SETORES VARRIÇÃO'!$H:$H,0)), IFERROR( INDEX(#REF!,MATCH($E10,#REF!,0)), INDEX(#REF!,MATCH($E10,#REF!,0)) ))) -> Segunda a Domingo | G10: OFF | H10: 100% (Bateria desatualizada) | I10: 05/12/2025 12:36:48
A11: 46009 | B11: SMSUB-LUTOCAR-03-0020 | C11: =IFERROR( INDEX(#REF!,MATCH($E11,#REF!,0)), IFERROR( INDEX('SETORES VARRIÇÃO'!$A:$A,MATCH($E11,'SETORES VARRIÇÃO'!$H:$H,0)), IFERROR( INDEX(#REF!,MATCH($E11,#REF!,0)), INDEX(#REF!,MATCH($E11,#REF!,0)) ))) -> CV | D11: =IFERROR( INDEX(#REF!,MATCH($E11,#REF!,0)), IFERROR( INDEX('SETORES VARRIÇÃO'!$B:$B,MATCH($E11,'SETORES VARRIÇÃO'!$H:$H,0)), IFERROR( INDEX(#REF!,MATCH($E11,#REF!,0)), INDEX(#REF!,MATCH($E11,#REF!,0)) ))) -> CV10304VJ0026 | E11: =SUBSTITUTE(B11,"SMSUB-LUTOCAR-","") -> 03-0020 | F11: =IFERROR( INDEX(#REF!,MATCH($E11,#REF!,0)), IFERROR( INDEX('SETORES VARRIÇÃO'!$F:$F,MATCH($E11,'SETORES VARRIÇÃO'!$H:$H,0)), IFERROR( INDEX(#REF!,MATCH($E11,#REF!,0)), INDEX(#REF!,MATCH($E11,#REF!,0)) ))) -> Quarta/Sábado | G11: OFF | H11: 100% (Bateria desatualizada) | I11: 02/12/2025 20:56:48
A12: 46009 | B12: SMSUB-LUTOCAR-03-0022 | C12: =IFERROR( INDEX(#REF!,MATCH($E12,#REF!,0)), IFERROR( INDEX('SETORES VARRIÇÃO'!$A:$A,MATCH($E12,'SETORES VARRIÇÃO'!$H:$H,0)), IFERROR( INDEX(#REF!,MATCH($E12,#REF!,0)), INDEX(#REF!,MATCH($E12,#REF!,0)) ))) -> CV | D12: =IFERROR( INDEX(#REF!,MATCH($E12,#REF!,0)), IFERROR( INDEX('SETORES VARRIÇÃO'!$B:$B,MATCH($E12,'SETORES VARRIÇÃO'!$H:$H,0)), IFERROR( INDEX(#REF!,MATCH($E12,#REF!,0)), INDEX(#REF!,MATCH($E12,#REF!,0)) ))) -> CV10203VJ0056 | E12: =SUBSTITUTE(B12,"SMSUB-LUTOCAR-","") -> 03-0022 | F12: =IFERROR( INDEX(#REF!,MATCH($E12,#REF!,0)), IFERROR( INDEX('SETORES VARRIÇÃO'!$F:$F,MATCH($E12,'SETORES VARRIÇÃO'!$H:$H,0)), IFERROR( INDEX(#REF!,MATCH($E12,#REF!,0)), INDEX(#REF!,MATCH($E12,#REF!,0)) ))) -> Terça/Quinta/Sábado | G12: OFF | H12: 100% (Bateria desatualizada) | I12: 11/12/2025 01:57:42
A13: 46009 | B13: SMSUB-LUTOCAR-03-0026 | C13: =IFERROR( INDEX(#REF!,MATCH($E13,#REF!,0)), IFERROR( INDEX('SETORES VARRIÇÃO'!$A:$A,MATCH($E13,'SETORES VARRIÇÃO'!$H:$H,0)), IFERROR( INDEX(#REF!,MATCH($E13,#REF!,0)), INDEX(#REF!,MATCH($E13,#REF!,0)) ))) -> JT | D13: =IFERROR( INDEX(#REF!,MATCH($E13,#REF!,0)), IFERROR( INDEX('SETORES VARRIÇÃO'!$B:$B,MATCH($E13,'SETORES VARRIÇÃO'!$H:$H,0)), IFERROR( INDEX(#REF!,MATCH($E13,#REF!,0)), INDEX(#REF!,MATCH($E13,#REF!,0)) ))) -> JT10101VL0001 | E13: =SUBSTITUTE(B13,"SMSUB-LUTOCAR-","") -> 03-0026 | F13: =IFERROR( INDEX(#REF!,MATCH($E13,#REF!,0)), IFERROR( INDEX('SETORES VARRIÇÃO'!$F:$F,MATCH($E13,'SETORES VARRIÇÃO'!$H:$H,0)), IFERROR( INDEX(#REF!,MATCH($E13,#REF!,0)), INDEX(#REF!,MATCH($E13,#REF!,0)) ))) -> Segunda a Domingo | G13: OFF | H13: 100% (Bateria desatualizada) | I13: 05/12/2025 21:25:16
... A97: 46052 | B97: SMSUB-LUTOCAR-03-0025 | C97: =IFERROR( INDEX(#REF!,MATCH($E97,#REF!,0)), IFERROR( INDEX('SETORES VARRIÇÃO'!$A:$A,MATCH($E97,'SETORES VARRIÇÃO'!$H:$H,0)), IFERROR( INDEX(#REF!,MATCH($E97,#REF!,0)), INDEX(#REF!,MATCH($E97,#REF!,0)) ))) -> JT | D97: =IFERROR( INDEX(#REF!,MATCH($E97,#REF!,0)), IFERROR( INDEX('SETORES VARRIÇÃO'!$B:$B,MATCH($E97,'SETORES VARRIÇÃO'!$H:$H,0)), IFERROR( INDEX(#REF!,MATCH($E97,#REF!,0)), INDEX(#REF!,MATCH($E97,#REF!,0)) ))) -> JT10304VJ0043 | E97: =SUBSTITUTE(B97,"SMSUB-LUTOCAR-","") -> 03-0025 | F97: =IFERROR( INDEX(#REF!,MATCH($E97,#REF!,0)), IFERROR( INDEX('SETORES VARRIÇÃO'!$F:$F,MATCH($E97,'SETORES VARRIÇÃO'!$H:$H,0)), IFERROR( INDEX(#REF!,MATCH($E97,#REF!,0)), INDEX(#REF!,MATCH($E97,#REF!,0)) ))) -> Quarta/Sábado | G97: OFF | H97: 64% (Bateria desatualizada) | I97: 28/01/2026 10:44:34
A98: 46052 | B98: SMSUB-LUTOCAR-03-0001 | C98: =IFERROR( INDEX(#REF!,MATCH($E98,#REF!,0)), IFERROR( INDEX('SETORES VARRIÇÃO'!$A:$A,MATCH($E98,'SETORES VARRIÇÃO'!$H:$H,0)), IFERROR( INDEX(#REF!,MATCH($E98,#REF!,0)), INDEX(#REF!,MATCH($E98,#REF!,0)) ))) -> JT | D98: =IFERROR( INDEX(#REF!,MATCH($E98,#REF!,0)), IFERROR( INDEX('SETORES VARRIÇÃO'!$B:$B,MATCH($E98,'SETORES VARRIÇÃO'!$H:$H,0)), IFERROR( INDEX(#REF!,MATCH($E98,#REF!,0)), INDEX(#REF!,MATCH($E98,#REF!,0)) ))) -> JT10303VJ0035 | E98: =SUBSTITUTE(B98,"SMSUB-LUTOCAR-","") -> 03-0001 | F98: =IFERROR( INDEX(#REF!,MATCH($E98,#REF!,0)), IFERROR( INDEX('SETORES VARRIÇÃO'!$F:$F,MATCH($E98,'SETORES VARRIÇÃO'!$H:$H,0)), IFERROR( INDEX(#REF!,MATCH($E98,#REF!,0)), INDEX(#REF!,MATCH($E98,#REF!,0)) ))) -> Terça/Sexta | G98: OFF | H98: 0.74 | I98: 30/01/2026 09:42:46
A99: 46052 | B99: SMSUB-LUTOCAR-03-0002 | C99: =IFERROR( INDEX(#REF!,MATCH($E99,#REF!,0)), IFERROR( INDEX('SETORES VARRIÇÃO'!$A:$A,MATCH($E99,'SETORES VARRIÇÃO'!$H:$H,0)), IFERROR( INDEX(#REF!,MATCH($E99,#REF!,0)), INDEX(#REF!,MATCH($E99,#REF!,0)) ))) -> JT | D99: =IFERROR( INDEX(#REF!,MATCH($E99,#REF!,0)), IFERROR( INDEX('SETORES VARRIÇÃO'!$B:$B,MATCH($E99,'SETORES VARRIÇÃO'!$H:$H,0)), IFERROR( INDEX(#REF!,MATCH($E99,#REF!,0)), INDEX(#REF!,MATCH($E99,#REF!,0)) ))) -> JT10303VJ0025 | E99: =SUBSTITUTE(B99,"SMSUB-LUTOCAR-","") -> 03-0002 | F99: =IFERROR( INDEX(#REF!,MATCH($E99,#REF!,0)), IFERROR( INDEX('SETORES VARRIÇÃO'!$F:$F,MATCH($E99,'SETORES VARRIÇÃO'!$H:$H,0)), IFERROR( INDEX(#REF!,MATCH($E99,#REF!,0)), INDEX(#REF!,MATCH($E99,#REF!,0)) ))) -> Terça/Sexta | G99: OFF | H99: 44% (Bateria desatualizada) | I99: 06/12/2025 17:00:15
A100: 46052 | B100: SMSUB-LUTOCAR-03-0003 | C100: =IFERROR( INDEX(#REF!,MATCH($E100,#REF!,0)), IFERROR( INDEX('SETORES VARRIÇÃO'!$A:$A,MATCH($E100,'SETORES VARRIÇÃO'!$H:$H,0)), IFERROR( INDEX(#REF!,MATCH($E100,#REF!,0)), INDEX(#REF!,MATCH($E100,#REF!,0)) ))) -> CV | D100: =IFERROR( INDEX(#REF!,MATCH($E100,#REF!,0)), IFERROR( INDEX('SETORES VARRIÇÃO'!$B:$B,MATCH($E100,'SETORES VARRIÇÃO'!$H:$H,0)), IFERROR( INDEX(#REF!,MATCH($E100,#REF!,0)), INDEX(#REF!,MATCH($E100,#REF!,0)) ))) -> CV10304VJ0025 | E100: =SUBSTITUTE(B100,"SMSUB-LUTOCAR-","") -> 03-0003 | F100: =IFERROR( INDEX(#REF!,MATCH($E100,#REF!,0)), IFERROR( INDEX('SETORES VARRIÇÃO'!$F:$F,MATCH($E100,'SETORES VARRIÇÃO'!$H:$H,0)), IFERROR( INDEX(#REF!,MATCH($E100,#REF!,0)), INDEX(#REF!,MATCH($E100,#REF!,0)) ))) -> Quarta/Sábado | G100: OFF | H100: 0.89 | I100: 30/01/2026 09:47:08
A101: 46052 | B101: SMSUB-LUTOCAR-03-0004 | C101: =IFERROR( INDEX(#REF!,MATCH($E101,#REF!,0)), IFERROR( INDEX('SETORES VARRIÇÃO'!$A:$A,MATCH($E101,'SETORES VARRIÇÃO'!$H:$H,0)), IFERROR( INDEX(#REF!,MATCH($E101,#REF!,0)), INDEX(#REF!,MATCH($E101,#REF!,0)) ))) -> JT | D101: =IFERROR( INDEX(#REF!,MATCH($E101,#REF!,0)), IFERROR( INDEX('SETORES VARRIÇÃO'!$B:$B,MATCH($E101,'SETORES VARRIÇÃO'!$H:$H,0)), IFERROR( INDEX(#REF!,MATCH($E101,#REF!,0)), INDEX(#REF!,MATCH($E101,#REF!,0)) ))) -> JT10304VJ0059 | E101: =SUBSTITUTE(B101,"SMSUB-LUTOCAR-","") -> 03-0004 | F101: =IFERROR( INDEX(#REF!,MATCH($E101,#REF!,0)), IFERROR( INDEX('SETORES VARRIÇÃO'!$F:$F,MATCH($E101,'SETORES VARRIÇÃO'!$H:$H,0)), IFERROR( INDEX(#REF!,MATCH($E101,#REF!,0)), INDEX(#REF!,MATCH($E101,#REF!,0)) ))) -> Quarta/Sábado | G101: OFF | H101: 64% (Bateria desatualizada) | I101: 28/01/2026 11:26:00
A102: 46052 | B102: SMSUB-LUTOCAR-03-0005 | C102: =IFERROR( INDEX(#REF!,MATCH($E102,#REF!,0)), IFERROR( INDEX('SETORES VARRIÇÃO'!$A:$A,MATCH($E102,'SETORES VARRIÇÃO'!$H:$H,0)), IFERROR( INDEX(#REF!,MATCH($E102,#REF!,0)), INDEX(#REF!,MATCH($E102,#REF!,0)) ))) -> JT | D102: =IFERROR( INDEX(#REF!,MATCH($E102,#REF!,0)), IFERROR( INDEX('SETORES VARRIÇÃO'!$B:$B,MATCH($E102,'SETORES VARRIÇÃO'!$H:$H,0)), IFERROR( INDEX(#REF!,MATCH($E102,#REF!,0)), INDEX(#REF!,MATCH($E102,#REF!,0)) ))) -> JT10202VJ0054 | E102: =SUBSTITUTE(B102,"SMSUB-LUTOCAR-","") -> 03-0005 | F102: =IFERROR( INDEX(#REF!,MATCH($E102,#REF!,0)), IFERROR( INDEX('SETORES VARRIÇÃO'!$F:$F,MATCH($E102,'SETORES VARRIÇÃO'!$H:$H,0)), IFERROR( INDEX(#REF!,MATCH($E102,#REF!,0)), INDEX(#REF!,MATCH($E102,#REF!,0)) ))) -> Segunda/Quarta/Sexta | G102: ON | H102: 0.73 | I102: 30/01/2026 09:47:49
A103: 46052 | B103: SMSUB-LUTOCAR-03-0006 | C103: =IFERROR( INDEX(#REF!,MATCH($E103,#REF!,0)), IFERROR( INDEX('SETORES VARRIÇÃO'!$A:$A,MATCH($E103,'SETORES VARRIÇÃO'!$H:$H,0)), IFERROR( INDEX(#REF!,MATCH($E103,#REF!,0)), INDEX(#REF!,MATCH($E103,#REF!,0)) ))) -> MG | D103: =IFERROR( INDEX(#REF!,MATCH($E103,#REF!,0)), IFERROR( INDEX('SETORES VARRIÇÃO'!$B:$B,MATCH($E103,'SETORES VARRIÇÃO'!$H:$H,0)), IFERROR( INDEX(#REF!,MATCH($E103,#REF!,0)), INDEX(#REF!,MATCH($E103,#REF!,0)) ))) -> MG10101VJ0006 | E103: =SUBSTITUTE(B103,"SMSUB-LUTOCAR-","") -> 03-0006 | F103: =IFERROR( INDEX(#REF!,MATCH($E103,#REF!,0)), IFERROR( INDEX('SETORES VARRIÇÃO'!$F:$F,MATCH($E103,'SETORES VARRIÇÃO'!$H:$H,0)), IFERROR( INDEX(#REF!,MATCH($E103,#REF!,0)), INDEX(#REF!,MATCH($E103,#REF!,0)) ))) -> Segunda a Domingo | G103: ON | H103: 0.34 | I103: 30/01/2026 09:46:04
A104: 46052 | B104: SMSUB-LUTOCAR-03-0007 | C104: =IFERROR( INDEX(#REF!,MATCH($E104,#REF!,0)), IFERROR( INDEX('SETORES VARRIÇÃO'!$A:$A,MATCH($E104,'SETORES VARRIÇÃO'!$H:$H,0)), IFERROR( INDEX(#REF!,MATCH($E104,#REF!,0)), INDEX(#REF!,MATCH($E104,#REF!,0)) ))) -> JT | D104: =IFERROR( INDEX(#REF!,MATCH($E104,#REF!,0)), IFERROR( INDEX('SETORES VARRIÇÃO'!$B:$B,MATCH($E104,'SETORES VARRIÇÃO'!$H:$H,0)), IFERROR( INDEX(#REF!,MATCH($E104,#REF!,0)), INDEX(#REF!,MATCH($E104,#REF!,0)) ))) -> JT10304VJ0048 | E104: =SUBSTITUTE(B104,"SMSUB-LUTOCAR-","") -> 03-0007 | F104: =IFERROR( INDEX(#REF!,MATCH($E104,#REF!,0)), IFERROR( INDEX('SETORES VARRIÇÃO'!$F:$F,MATCH($E104,'SETORES VARRIÇÃO'!$H:$H,0)), IFERROR( INDEX(#REF!,MATCH($E104,#REF!,0)), INDEX(#REF!,MATCH($E104,#REF!,0)) ))) -> Quarta/Sábado | G104: ON | H104: 0 | I104: 30/01/2026 09:30:53
A105: 46052 | B105: SMSUB-LUTOCAR-03-0008 | C105: =IFERROR( INDEX(#REF!,MATCH($E105,#REF!,0)), IFERROR( INDEX('SETORES VARRIÇÃO'!$A:$A,MATCH($E105,'SETORES VARRIÇÃO'!$H:$H,0)), IFERROR( INDEX(#REF!,MATCH($E105,#REF!,0)), INDEX(#REF!,MATCH($E105,#REF!,0)) ))) -> JT | D105: =IFERROR( INDEX(#REF!,MATCH($E105,#REF!,0)), IFERROR( INDEX('SETORES VARRIÇÃO'!$B:$B,MATCH($E105,'SETORES VARRIÇÃO'!$H:$H,0)), IFERROR( INDEX(#REF!,MATCH($E105,#REF!,0)), INDEX(#REF!,MATCH($E105,#REF!,0)) ))) -> JT10303VJ0036 | E105: =SUBSTITUTE(B105,"SMSUB-LUTOCAR-","") -> 03-0008 | F105: =IFERROR( INDEX(#REF!,MATCH($E105,#REF!,0)), IFERROR( INDEX('SETORES VARRIÇÃO'!$F:$F,MATCH($E105,'SETORES VARRIÇÃO'!$H:$H,0)), IFERROR( INDEX(#REF!,MATCH($E105,#REF!,0)), INDEX(#REF!,MATCH($E105,#REF!,0)) ))) -> Terça/Sexta | G105: ON | H105: 0.54 | I105: 30/01/2026 09:46:25
A106: 46052 | B106: SMSUB-LUTOCAR-03-0009 | C106: =IFERROR( INDEX(#REF!,MATCH($E106,#REF!,0)), IFERROR( INDEX('SETORES VARRIÇÃO'!$A:$A,MATCH($E106,'SETORES VARRIÇÃO'!$H:$H,0)), IFERROR( INDEX(#REF!,MATCH($E106,#REF!,0)), INDEX(#REF!,MATCH($E106,#REF!,0)) ))) -> MG | D106: =IFERROR( INDEX(#REF!,MATCH($E106,#REF!,0)), IFERROR( INDEX('SETORES VARRIÇÃO'!$B:$B,MATCH($E106,'SETORES VARRIÇÃO'!$H:$H,0)), IFERROR( INDEX(#REF!,MATCH($E106,#REF!,0)), INDEX(#REF!,MATCH($E106,#REF!,0)) ))) -> MG10101VJ0009 | E106: =SUBSTITUTE(B106,"SMSUB-LUTOCAR-","") -> 03-0009 | F106: =IFERROR( INDEX(#REF!,MATCH($E106,#REF!,0)), IFERROR( INDEX('SETORES VARRIÇÃO'!$F:$F,MATCH($E106,'SETORES VARRIÇÃO'!$H:$H,0)), IFERROR( INDEX(#REF!,MATCH($E106,#REF!,0)), INDEX(#REF!,MATCH($E106,#REF!,0)) ))) -> Segunda a Domingo | G106: ON | H106: 0.54 | I106: 30/01/2026 07:40:03
A107: 46052 | B107: SMSUB-LUTOCAR-03-0010 | C107: =IFERROR( INDEX(#REF!,MATCH($E107,#REF!,0)), IFERROR( INDEX('SETORES VARRIÇÃO'!$A:$A,MATCH($E107,'SETORES VARRIÇÃO'!$H:$H,0)), IFERROR( INDEX(#REF!,MATCH($E107,#REF!,0)), INDEX(#REF!,MATCH($E107,#REF!,0)) ))) -> CV | D107: =IFERROR( INDEX(#REF!,MATCH($E107,#REF!,0)), IFERROR( INDEX('SETORES VARRIÇÃO'!$B:$B,MATCH($E107,'SETORES VARRIÇÃO'!$H:$H,0)), IFERROR( INDEX(#REF!,MATCH($E107,#REF!,0)), INDEX(#REF!,MATCH($E107,#REF!,0)) ))) -> CV10304VJ0027 | E107: =SUBSTITUTE(B107,"SMSUB-LUTOCAR-","") -> 03-0010 | F107: =IFERROR( INDEX(#REF!,MATCH($E107,#REF!,0)), IFERROR( INDEX('SETORES VARRIÇÃO'!$F:$F,MATCH($E107,'SETORES VARRIÇÃO'!$H:$H,0)), IFERROR( INDEX(#REF!,MATCH($E107,#REF!,0)), INDEX(#REF!,MATCH($E107,#REF!,0)) ))) -> Quarta/Sábado | G107: ON | H107: 0.94 | I107: 29/01/2026 11:46:50
A108: 46052 | B108: SMSUB-LUTOCAR-03-0011 | C108: =IFERROR( INDEX(#REF!,MATCH($E108,#REF!,0)), IFERROR( INDEX('SETORES VARRIÇÃO'!$A:$A,MATCH($E108,'SETORES VARRIÇÃO'!$H:$H,0)), IFERROR( INDEX(#REF!,MATCH($E108,#REF!,0)), INDEX(#REF!,MATCH($E108,#REF!,0)) ))) -> CV | D108: =IFERROR( INDEX(#REF!,MATCH($E108,#REF!,0)), IFERROR( INDEX('SETORES VARRIÇÃO'!$B:$B,MATCH($E108,'SETORES VARRIÇÃO'!$H:$H,0)), IFERROR( INDEX(#REF!,MATCH($E108,#REF!,0)), INDEX(#REF!,MATCH($E108,#REF!,0)) ))) -> CV10203VJ0051 | E108: =SUBSTITUTE(B108,"SMSUB-LUTOCAR-","") -> 03-0011 | F108: =IFERROR( INDEX(#REF!,MATCH($E108,#REF!,0)), IFERROR( INDEX('SETORES VARRIÇÃO'!$F:$F,MATCH($E108,'SETORES VARRIÇÃO'!$H:$H,0)), IFERROR( INDEX(#REF!,MATCH($E108,#REF!,0)), INDEX(#REF!,MATCH($E108,#REF!,0)) ))) -> Terça/Quinta/Sábado | G108: ON | H108: 0.59 | I108: 30/01/2026 09:24:46
A109: 46052 | B109: SMSUB-LUTOCAR-03-0012 | C109: =IFERROR( INDEX(#REF!,MATCH($E109,#REF!,0)), IFERROR( INDEX('SETORES VARRIÇÃO'!$A:$A,MATCH($E109,'SETORES VARRIÇÃO'!$H:$H,0)), IFERROR( INDEX(#REF!,MATCH($E109,#REF!,0)), INDEX(#REF!,MATCH($E109,#REF!,0)) ))) -> CV | D109: =IFERROR( INDEX(#REF!,MATCH($E109,#REF!,0)), IFERROR( INDEX('SETORES VARRIÇÃO'!$B:$B,MATCH($E109,'SETORES VARRIÇÃO'!$H:$H,0)), IFERROR( INDEX(#REF!,MATCH($E109,#REF!,0)), INDEX(#REF!,MATCH($E109,#REF!,0)) ))) -> CV10203VJ0052 | E109: =SUBSTITUTE(B109,"SMSUB-LUTOCAR-","") -> 03-0012 | F109: =IFERROR( INDEX(#REF!,MATCH($E109,#REF!,0)), IFERROR( INDEX('SETORES VARRIÇÃO'!$F:$F,MATCH($E109,'SETORES VARRIÇÃO'!$H:$H,0)), IFERROR( INDEX(#REF!,MATCH($E109,#REF!,0)), INDEX(#REF!,MATCH($E109,#REF!,0)) ))) -> Terça/Quinta/Sábado | G109: ON | H109: 0.84 | I109: 30/01/2026 09:36:23
A110: 46052 | B110: SMSUB-LUTOCAR-03-0013 | C110: =IFERROR( INDEX(#REF!,MATCH($E110,#REF!,0)), IFERROR( INDEX('SETORES VARRIÇÃO'!$A:$A,MATCH($E110,'SETORES VARRIÇÃO'!$H:$H,0)), IFERROR( INDEX(#REF!,MATCH($E110,#REF!,0)), INDEX(#REF!,MATCH($E110,#REF!,0)) ))) -> MG | D110: =IFERROR( INDEX(#REF!,MATCH($E110,#REF!,0)), IFERROR( INDEX('SETORES VARRIÇÃO'!$B:$B,MATCH($E110,'SETORES VARRIÇÃO'!$H:$H,0)), IFERROR( INDEX(#REF!,MATCH($E110,#REF!,0)), INDEX(#REF!,MATCH($E110,#REF!,0)) ))) -> MG10101VJ0013 | E110: =SUBSTITUTE(B110,"SMSUB-LUTOCAR-","") -> 03-0013 | F110: =IFERROR( INDEX(#REF!,MATCH($E110,#REF!,0)), IFERROR( INDEX('SETORES VARRIÇÃO'!$F:$F,MATCH($E110,'SETORES VARRIÇÃO'!$H:$H,0)), IFERROR( INDEX(#REF!,MATCH($E110,#REF!,0)), INDEX(#REF!,MATCH($E110,#REF!,0)) ))) -> Segunda a Domingo | G110: ON | H110: 0.54 | I110: 30/01/2026 09:47:27
A111: 46052 | B111: SMSUB-LUTOCAR-03-0014 | C111: =IFERROR( INDEX(#REF!,MATCH($E111,#REF!,0)), IFERROR( INDEX('SETORES VARRIÇÃO'!$A:$A,MATCH($E111,'SETORES VARRIÇÃO'!$H:$H,0)), IFERROR( INDEX(#REF!,MATCH($E111,#REF!,0)), INDEX(#REF!,MATCH($E111,#REF!,0)) ))) -> JT | D111: =IFERROR( INDEX(#REF!,MATCH($E111,#REF!,0)), IFERROR( INDEX('SETORES VARRIÇÃO'!$B:$B,MATCH($E111,'SETORES VARRIÇÃO'!$H:$H,0)), IFERROR( INDEX(#REF!,MATCH($E111,#REF!,0)), INDEX(#REF!,MATCH($E111,#REF!,0)) ))) -> JT10302VJ0011 | E111: =SUBSTITUTE(B111,"SMSUB-LUTOCAR-","") -> 03-0014 | F111: =IFERROR( INDEX(#REF!,MATCH($E111,#REF!,0)), IFERROR( INDEX('SETORES VARRIÇÃO'!$F:$F,MATCH($E111,'SETORES VARRIÇÃO'!$H:$H,0)), IFERROR( INDEX(#REF!,MATCH($E111,#REF!,0)), INDEX(#REF!,MATCH($E111,#REF!,0)) ))) -> Segunda/Quinta | G111: ON | H111: 0.67 | I111: 30/01/2026 09:33:09
A112: 46052 | B112: SMSUB-LUTOCAR-03-0015 | C112: =IFERROR( INDEX(#REF!,MATCH($E112,#REF!,0)), IFERROR( INDEX('SETORES VARRIÇÃO'!$A:$A,MATCH($E112,'SETORES VARRIÇÃO'!$H:$H,0)), IFERROR( INDEX(#REF!,MATCH($E112,#REF!,0)), INDEX(#REF!,MATCH($E112,#REF!,0)) ))) -> CV | D112: =IFERROR( INDEX(#REF!,MATCH($E112,#REF!,0)), IFERROR( INDEX('SETORES VARRIÇÃO'!$B:$B,MATCH($E112,'SETORES VARRIÇÃO'!$H:$H,0)), IFERROR( INDEX(#REF!,MATCH($E112,#REF!,0)), INDEX(#REF!,MATCH($E112,#REF!,0)) ))) -> CV10203VJ0057 | E112: =SUBSTITUTE(B112,"SMSUB-LUTOCAR-","") -> 03-0015 | F112: =IFERROR( INDEX(#REF!,MATCH($E112,#REF!,0)), IFERROR( INDEX('SETORES VARRIÇÃO'!$F:$F,MATCH($E112,'SETORES VARRIÇÃO'!$H:$H,0)), IFERROR( INDEX(#REF!,MATCH($E112,#REF!,0)), INDEX(#REF!,MATCH($E112,#REF!,0)) ))) -> Terça/Quinta/Sábado | G112: ON | H112: 0.78 | I112: 30/01/2026 09:35:46
A113: 46052 | B113: SMSUB-LUTOCAR-03-0016 | C113: =IFERROR( INDEX(#REF!,MATCH($E113,#REF!,0)), IFERROR( INDEX('SETORES VARRIÇÃO'!$A:$A,MATCH($E113,'SETORES VARRIÇÃO'!$H:$H,0)), IFERROR( INDEX(#REF!,MATCH($E113,#REF!,0)), INDEX(#REF!,MATCH($E113,#REF!,0)) ))) -> JT | D113: =IFERROR( INDEX(#REF!,MATCH($E113,#REF!,0)), IFERROR( INDEX('SETORES VARRIÇÃO'!$B:$B,MATCH($E113,'SETORES VARRIÇÃO'!$H:$H,0)), IFERROR( INDEX(#REF!,MATCH($E113,#REF!,0)), INDEX(#REF!,MATCH($E113,#REF!,0)) ))) -> JT10304VJ0050 | E113: =SUBSTITUTE(B113,"SMSUB-LUTOCAR-","") -> 03-0016 | F113: =IFERROR( INDEX(#REF!,MATCH($E113,#REF!,0)), IFERROR( INDEX('SETORES VARRIÇÃO'!$F:$F,MATCH($E113,'SETORES VARRIÇÃO'!$H:$H,0)), IFERROR( INDEX(#REF!,MATCH($E113,#REF!,0)), INDEX(#REF!,MATCH($E113,#REF!,0)) ))) -> Quarta/Sábado | G113: ON | H113: 0.65 | I113: 30/01/2026 09:32:38
... A116: 46052 | B116: SMSUB-LUTOCAR-03-0019 | C116: =IFERROR( INDEX(#REF!,MATCH($E116,#REF!,0)), IFERROR( INDEX('SETORES VARRIÇÃO'!$A:$A,MATCH($E116,'SETORES VARRIÇÃO'!$H:$H,0)), IFERROR( INDEX(#REF!,MATCH($E116,#REF!,0)), INDEX(#REF!,MATCH($E116,#REF!,0)) ))) -> JT | D116: =IFERROR( INDEX(#REF!,MATCH($E116,#REF!,0)), IFERROR( INDEX('SETORES VARRIÇÃO'!$B:$B,MATCH($E116,'SETORES VARRIÇÃO'!$H:$H,0)), IFERROR( INDEX(#REF!,MATCH($E116,#REF!,0)), INDEX(#REF!,MATCH($E116,#REF!,0)) ))) -> JT10304VJ0049 | E116: =SUBSTITUTE(B116,"SMSUB-LUTOCAR-","") -> 03-0019 | F116: =IFERROR( INDEX(#REF!,MATCH($E116,#REF!,0)), IFERROR( INDEX('SETORES VARRIÇÃO'!$F:$F,MATCH($E116,'SETORES VARRIÇÃO'!$H:$H,0)), IFERROR( INDEX(#REF!,MATCH($E116,#REF!,0)), INDEX(#REF!,MATCH($E116,#REF!,0)) ))) -> Quarta/Sábado | G116: ON | H116: 0.8 | I116: 30/01/2026 09:39:01
A117: 46052 | B117: SMSUB-LUTOCAR-03-0020 | C117: =IFERROR( INDEX(#REF!,MATCH($E117,#REF!,0)), IFERROR( INDEX('SETORES VARRIÇÃO'!$A:$A,MATCH($E117,'SETORES VARRIÇÃO'!$H:$H,0)), IFERROR( INDEX(#REF!,MATCH($E117,#REF!,0)), INDEX(#REF!,MATCH($E117,#REF!,0)) ))) -> CV | D117: =IFERROR( INDEX(#REF!,MATCH($E117,#REF!,0)), IFERROR( INDEX('SETORES VARRIÇÃO'!$B:$B,MATCH($E117,'SETORES VARRIÇÃO'!$H:$H,0)), IFERROR( INDEX(#REF!,MATCH($E117,#REF!,0)), INDEX(#REF!,MATCH($E117,#REF!,0)) ))) -> CV10304VJ0026 | E117: =SUBSTITUTE(B117,"SMSUB-LUTOCAR-","") -> 03-0020 | F117: =IFERROR( INDEX(#REF!,MATCH($E117,#REF!,0)), IFERROR( INDEX('SETORES VARRIÇÃO'!$F:$F,MATCH($E117,'SETORES VARRIÇÃO'!$H:$H,0)), IFERROR( INDEX(#REF!,MATCH($E117,#REF!,0)), INDEX(#REF!,MATCH($E117,#REF!,0)) ))) -> Quarta/Sábado | G117: OFF | H117: 79% (Bateria desatualizada) | I117: 28/01/2026 12:17:29
A118: 46052 | B118: SMSUB-LUTOCAR-03-0021 | C118: =IFERROR( INDEX(#REF!,MATCH($E118,#REF!,0)), IFERROR( INDEX('SETORES VARRIÇÃO'!$A:$A,MATCH($E118,'SETORES VARRIÇÃO'!$H:$H,0)), IFERROR( INDEX(#REF!,MATCH($E118,#REF!,0)), INDEX(#REF!,MATCH($E118,#REF!,0)) ))) -> MG | D118: =IFERROR( INDEX(#REF!,MATCH($E118,#REF!,0)), IFERROR( INDEX('SETORES VARRIÇÃO'!$B:$B,MATCH($E118,'SETORES VARRIÇÃO'!$H:$H,0)), IFERROR( INDEX(#REF!,MATCH($E118,#REF!,0)), INDEX(#REF!,MATCH($E118,#REF!,0)) ))) -> MG10101VJ0008 | E118: =SUBSTITUTE(B118,"SMSUB-LUTOCAR-","") -> 03-0021 | F118: =IFERROR( INDEX(#REF!,MATCH($E118,#REF!,0)), IFERROR( INDEX('SETORES VARRIÇÃO'!$F:$F,MATCH($E118,'SETORES VARRIÇÃO'!$H:$H,0)), IFERROR( INDEX(#REF!,MATCH($E118,#REF!,0)), INDEX(#REF!,MATCH($E118,#REF!,0)) ))) -> Segunda a Domingo | G118: ON | H118: 0.49 | I118: 30/01/2026 09:47:47
A119: 46052 | B119: SMSUB-LUTOCAR-03-0022 | C119: =IFERROR( INDEX(#REF!,MATCH($E119,#REF!,0)), IFERROR( INDEX('SETORES VARRIÇÃO'!$A:$A,MATCH($E119,'SETORES VARRIÇÃO'!$H:$H,0)), IFERROR( INDEX(#REF!,MATCH($E119,#REF!,0)), INDEX(#REF!,MATCH($E119,#REF!,0)) ))) -> CV | D119: =IFERROR( INDEX(#REF!,MATCH($E119,#REF!,0)), IFERROR( INDEX('SETORES VARRIÇÃO'!$B:$B,MATCH($E119,'SETORES VARRIÇÃO'!$H:$H,0)), IFERROR( INDEX(#REF!,MATCH($E119,#REF!,0)), INDEX(#REF!,MATCH($E119,#REF!,0)) ))) -> CV10203VJ0056 | E119: =SUBSTITUTE(B119,"SMSUB-LUTOCAR-","") -> 03-0022 | F119: =IFERROR( INDEX(#REF!,MATCH($E119,#REF!,0)), IFERROR( INDEX('SETORES VARRIÇÃO'!$F:$F,MATCH($E119,'SETORES VARRIÇÃO'!$H:$H,0)), IFERROR( INDEX(#REF!,MATCH($E119,#REF!,0)), INDEX(#REF!,MATCH($E119,#REF!,0)) ))) -> Terça/Quinta/Sábado | G119: ON | H119: 0.39 | I119: 29/01/2026 12:46:00
A120: 46052 | B120: SMSUB-LUTOCAR-03-0023 | C120: =IFERROR( INDEX(#REF!,MATCH($E120,#REF!,0)), IFERROR( INDEX('SETORES VARRIÇÃO'!$A:$A,MATCH($E120,'SETORES VARRIÇÃO'!$H:$H,0)), IFERROR( INDEX(#REF!,MATCH($E120,#REF!,0)), INDEX(#REF!,MATCH($E120,#REF!,0)) ))) -> JT | D120: =IFERROR( INDEX(#REF!,MATCH($E120,#REF!,0)), IFERROR( INDEX('SETORES VARRIÇÃO'!$B:$B,MATCH($E120,'SETORES VARRIÇÃO'!$H:$H,0)), IFERROR( INDEX(#REF!,MATCH($E120,#REF!,0)), INDEX(#REF!,MATCH($E120,#REF!,0)) ))) -> JT10102VJ0003 | E120: =SUBSTITUTE(B120,"SMSUB-LUTOCAR-","") -> 03-0023 | F120: =IFERROR( INDEX(#REF!,MATCH($E120,#REF!,0)), IFERROR( INDEX('SETORES VARRIÇÃO'!$F:$F,MATCH($E120,'SETORES VARRIÇÃO'!$H:$H,0)), IFERROR( INDEX(#REF!,MATCH($E120,#REF!,0)), INDEX(#REF!,MATCH($E120,#REF!,0)) ))) -> Segunda a Domingo | G120: ON | H120: 0.36 | I120: 30/01/2026 09:39:35
A121: 46052 | B121: SMSUB-LUTOCAR-03-0024 | C121: =IFERROR( INDEX(#REF!,MATCH($E121,#REF!,0)), IFERROR( INDEX('SETORES VARRIÇÃO'!$A:$A,MATCH($E121,'SETORES VARRIÇÃO'!$H:$H,0)), IFERROR( INDEX(#REF!,MATCH($E121,#REF!,0)), INDEX(#REF!,MATCH($E121,#REF!,0)) ))) -> JT | D121: =IFERROR( INDEX(#REF!,MATCH($E121,#REF!,0)), IFERROR( INDEX('SETORES VARRIÇÃO'!$B:$B,MATCH($E121,'SETORES VARRIÇÃO'!$H:$H,0)), IFERROR( INDEX(#REF!,MATCH($E121,#REF!,0)), INDEX(#REF!,MATCH($E121,#REF!,0)) ))) -> JT10304VJ0046 | E121: =SUBSTITUTE(B121,"SMSUB-LUTOCAR-","") -> 03-0024 | F121: =IFERROR( INDEX(#REF!,MATCH($E121,#REF!,0)), IFERROR( INDEX('SETORES VARRIÇÃO'!$F:$F,MATCH($E121,'SETORES VARRIÇÃO'!$H:$H,0)), IFERROR( INDEX(#REF!,MATCH($E121,#REF!,0)), INDEX(#REF!,MATCH($E121,#REF!,0)) ))) -> Quarta/Sábado | G121: ON | H121: 0.64 | I121: 30/01/2026 09:37:25
A122: 46052 | B122: SMSUB-LUTOCAR-03-0026 | C122: =IFERROR( INDEX(#REF!,MATCH($E122,#REF!,0)), IFERROR( INDEX('SETORES VARRIÇÃO'!$A:$A,MATCH($E122,'SETORES VARRIÇÃO'!$H:$H,0)), IFERROR( INDEX(#REF!,MATCH($E122,#REF!,0)), INDEX(#REF!,MATCH($E122,#REF!,0)) ))) -> JT | D122: =IFERROR( INDEX(#REF!,MATCH($E122,#REF!,0)), IFERROR( INDEX('SETORES VARRIÇÃO'!$B:$B,MATCH($E122,'SETORES VARRIÇÃO'!$H:$H,0)), IFERROR( INDEX(#REF!,MATCH($E122,#REF!,0)), INDEX(#REF!,MATCH($E122,#REF!,0)) ))) -> JT10101VL0001 | E122: =SUBSTITUTE(B122,"SMSUB-LUTOCAR-","") -> 03-0026 | F122: =IFERROR( INDEX(#REF!,MATCH($E122,#REF!,0)), IFERROR( INDEX('SETORES VARRIÇÃO'!$F:$F,MATCH($E122,'SETORES VARRIÇÃO'!$H:$H,0)), IFERROR( INDEX(#REF!,MATCH($E122,#REF!,0)), INDEX(#REF!,MATCH($E122,#REF!,0)) ))) -> Segunda a Domingo | G122: ON | H122: 0.59 | I122: 30/01/2026 09:47:27
A123: 46052 | B123: SMSUB-LUTOCAR-03-0027 | C123: =IFERROR( INDEX(#REF!,MATCH($E123,#REF!,0)), IFERROR( INDEX('SETORES VARRIÇÃO'!$A:$A,MATCH($E123,'SETORES VARRIÇÃO'!$H:$H,0)), IFERROR( INDEX(#REF!,MATCH($E123,#REF!,0)), INDEX(#REF!,MATCH($E123,#REF!,0)) ))) -> JT | D123: =IFERROR( INDEX(#REF!,MATCH($E123,#REF!,0)), IFERROR( INDEX('SETORES VARRIÇÃO'!$B:$B,MATCH($E123,'SETORES VARRIÇÃO'!$H:$H,0)), IFERROR( INDEX(#REF!,MATCH($E123,#REF!,0)), INDEX(#REF!,MATCH($E123,#REF!,0)) ))) -> JT10304VJ0052 | E123: =SUBSTITUTE(B123,"SMSUB-LUTOCAR-","") -> 03-0027 | F123: =IFERROR( INDEX(#REF!,MATCH($E123,#REF!,0)), IFERROR( INDEX('SETORES VARRIÇÃO'!$F:$F,MATCH($E123,'SETORES VARRIÇÃO'!$H:$H,0)), IFERROR( INDEX(#REF!,MATCH($E123,#REF!,0)), INDEX(#REF!,MATCH($E123,#REF!,0)) ))) -> Quarta/Sábado | G123: OFF | H123: 83% (Bateria desatualizada) | I123: 28/01/2026 11:44:28
A124: 46052 | B124: SMSUB-LUTOCAR-03-0028 | C124: =IFERROR( INDEX(#REF!,MATCH($E124,#REF!,0)), IFERROR( INDEX('SETORES VARRIÇÃO'!$A:$A,MATCH($E124,'SETORES VARRIÇÃO'!$H:$H,0)), IFERROR( INDEX(#REF!,MATCH($E124,#REF!,0)), INDEX(#REF!,MATCH($E124,#REF!,0)) ))) -> CV | D124: =IFERROR( INDEX(#REF!,MATCH($E124,#REF!,0)), IFERROR( INDEX('SETORES VARRIÇÃO'!$B:$B,MATCH($E124,'SETORES VARRIÇÃO'!$H:$H,0)), IFERROR( INDEX(#REF!,MATCH($E124,#REF!,0)), INDEX(#REF!,MATCH($E124,#REF!,0)) ))) -> CV10203VJ0058 | E124: =SUBSTITUTE(B124,"SMSUB-LUTOCAR-","") -> 03-0028 | F124: =IFERROR( INDEX(#REF!,MATCH($E124,#REF!,0)), IFERROR( INDEX('SETORES VARRIÇÃO'!$F:$F,MATCH($E124,'SETORES VARRIÇÃO'!$H:$H,0)), IFERROR( INDEX(#REF!,MATCH($E124,#REF!,0)), INDEX(#REF!,MATCH($E124,#REF!,0)) ))) -> Terça/Quinta/Sábado | G124: ON | H124: 0.74 | I124: 30/01/2026 09:33:14
A125: 46052 | B125: SMSUB-LUTOCAR-03-0029 | C125: =IFERROR( INDEX(#REF!,MATCH($E125,#REF!,0)), IFERROR( INDEX('SETORES VARRIÇÃO'!$A:$A,MATCH($E125,'SETORES VARRIÇÃO'!$H:$H,0)), IFERROR( INDEX(#REF!,MATCH($E125,#REF!,0)), INDEX(#REF!,MATCH($E125,#REF!,0)) ))) -> CV | D125: =IFERROR( INDEX(#REF!,MATCH($E125,#REF!,0)), IFERROR( INDEX('SETORES VARRIÇÃO'!$B:$B,MATCH($E125,'SETORES VARRIÇÃO'!$H:$H,0)), IFERROR( INDEX(#REF!,MATCH($E125,#REF!,0)), INDEX(#REF!,MATCH($E125,#REF!,0)) ))) -> CV10203VJ0055 | E125: =SUBSTITUTE(B125,"SMSUB-LUTOCAR-","") -> 03-0029 | F125: =IFERROR( INDEX(#REF!,MATCH($E125,#REF!,0)), IFERROR( INDEX('SETORES VARRIÇÃO'!$F:$F,MATCH($E125,'SETORES VARRIÇÃO'!$H:$H,0)), IFERROR( INDEX(#REF!,MATCH($E125,#REF!,0)), INDEX(#REF!,MATCH($E125,#REF!,0)) ))) -> Terça/Quinta/Sábado | G125: ON | H125: 0.54 | I125: 30/01/2026 09:28:17
A126: 46052 | B126: SMSUB-LUTOCAR-03-0030 | C126: =IFERROR( INDEX(#REF!,MATCH($E126,#REF!,0)), IFERROR( INDEX('SETORES VARRIÇÃO'!$A:$A,MATCH($E126,'SETORES VARRIÇÃO'!$H:$H,0)), IFERROR( INDEX(#REF!,MATCH($E126,#REF!,0)), INDEX(#REF!,MATCH($E126,#REF!,0)) ))) -> JT | D126: =IFERROR( INDEX(#REF!,MATCH($E126,#REF!,0)), IFERROR( INDEX('SETORES VARRIÇÃO'!$B:$B,MATCH($E126,'SETORES VARRIÇÃO'!$H:$H,0)), IFERROR( INDEX(#REF!,MATCH($E126,#REF!,0)), INDEX(#REF!,MATCH($E126,#REF!,0)) ))) -> JT10302VJ0015 | E126: =SUBSTITUTE(B126,"SMSUB-LUTOCAR-","") -> 03-0030 | F126: =IFERROR( INDEX(#REF!,MATCH($E126,#REF!,0)), IFERROR( INDEX('SETORES VARRIÇÃO'!$F:$F,MATCH($E126,'SETORES VARRIÇÃO'!$H:$H,0)), IFERROR( INDEX(#REF!,MATCH($E126,#REF!,0)), INDEX(#REF!,MATCH($E126,#REF!,0)) ))) -> Segunda/Quinta | G126: ON | H126: 0.78 | I126: 30/01/2026 09:33:58
A127: 46052 | B127: SMSUB-LUTOCAR-03-0031 | C127: =IFERROR( INDEX(#REF!,MATCH($E127,#REF!,0)), IFERROR( INDEX('SETORES VARRIÇÃO'!$A:$A,MATCH($E127,'SETORES VARRIÇÃO'!$H:$H,0)), IFERROR( INDEX(#REF!,MATCH($E127,#REF!,0)), INDEX(#REF!,MATCH($E127,#REF!,0)) ))) -> JT | D127: =IFERROR( INDEX(#REF!,MATCH($E127,#REF!,0)), IFERROR( INDEX('SETORES VARRIÇÃO'!$B:$B,MATCH($E127,'SETORES VARRIÇÃO'!$H:$H,0)), IFERROR( INDEX(#REF!,MATCH($E127,#REF!,0)), INDEX(#REF!,MATCH($E127,#REF!,0)) ))) -> JT10304VJ0047 | E127: =SUBSTITUTE(B127,"SMSUB-LUTOCAR-","") -> 03-0031 | F127: =IFERROR( INDEX(#REF!,MATCH($E127,#REF!,0)), IFERROR( INDEX('SETORES VARRIÇÃO'!$F:$F,MATCH($E127,'SETORES VARRIÇÃO'!$H:$H,0)), IFERROR( INDEX(#REF!,MATCH($E127,#REF!,0)), INDEX(#REF!,MATCH($E127,#REF!,0)) ))) -> Quarta/Sábado | G127: ON | H127: 0.72 | I127: 30/01/2026 09:44:29
A128: 46052 | B128: SMSUB-LUTOCAR-03-0032 | C128: =IFERROR( INDEX(#REF!,MATCH($E128,#REF!,0)), IFERROR( INDEX('SETORES VARRIÇÃO'!$A:$A,MATCH($E128,'SETORES VARRIÇÃO'!$H:$H,0)), IFERROR( INDEX(#REF!,MATCH($E128,#REF!,0)), INDEX(#REF!,MATCH($E128,#REF!,0)) ))) -> JT | D128: =IFERROR( INDEX(#REF!,MATCH($E128,#REF!,0)), IFERROR( INDEX('SETORES VARRIÇÃO'!$B:$B,MATCH($E128,'SETORES VARRIÇÃO'!$H:$H,0)), IFERROR( INDEX(#REF!,MATCH($E128,#REF!,0)), INDEX(#REF!,MATCH($E128,#REF!,0)) ))) -> JT10304VJ0051 | E128: =SUBSTITUTE(B128,"SMSUB-LUTOCAR-","") -> 03-0032 | F128: =IFERROR( INDEX(#REF!,MATCH($E128,#REF!,0)), IFERROR( INDEX('SETORES VARRIÇÃO'!$F:$F,MATCH($E128,'SETORES VARRIÇÃO'!$H:$H,0)), IFERROR( INDEX(#REF!,MATCH($E128,#REF!,0)), INDEX(#REF!,MATCH($E128,#REF!,0)) ))) -> Quarta/Sábado | G128: ON | H128: 0.85 | I128: 30/01/2026 08:09:51
A129: 46052 | B129: SMSUB-LUTOCAR-03-0033 | C129: =IFERROR( INDEX(#REF!,MATCH($E129,#REF!,0)), IFERROR( INDEX('SETORES VARRIÇÃO'!$A:$A,MATCH($E129,'SETORES VARRIÇÃO'!$H:$H,0)), IFERROR( INDEX(#REF!,MATCH($E129,#REF!,0)), INDEX(#REF!,MATCH($E129,#REF!,0)) ))) -> JT | D129: =IFERROR( INDEX(#REF!,MATCH($E129,#REF!,0)), IFERROR( INDEX('SETORES VARRIÇÃO'!$B:$B,MATCH($E129,'SETORES VARRIÇÃO'!$H:$H,0)), IFERROR( INDEX(#REF!,MATCH($E129,#REF!,0)), INDEX(#REF!,MATCH($E129,#REF!,0)) ))) -> JT20102VJ0002 | E129: =SUBSTITUTE(B129,"SMSUB-LUTOCAR-","") -> 03-0033 | F129: =IFERROR( INDEX(#REF!,MATCH($E129,#REF!,0)), IFERROR( INDEX('SETORES VARRIÇÃO'!$F:$F,MATCH($E129,'SETORES VARRIÇÃO'!$H:$H,0)), IFERROR( INDEX(#REF!,MATCH($E129,#REF!,0)), INDEX(#REF!,MATCH($E129,#REF!,0)) ))) -> Segunda a Domingo | G129: ON | H129: 0.53 | I129: 30/01/2026 09:47:12
A130: 46052 | B130: SMSUB-LUTOCAR-03-0034 | C130: =IFERROR( INDEX(#REF!,MATCH($E130,#REF!,0)), IFERROR( INDEX('SETORES VARRIÇÃO'!$A:$A,MATCH($E130,'SETORES VARRIÇÃO'!$H:$H,0)), IFERROR( INDEX(#REF!,MATCH($E130,#REF!,0)), INDEX(#REF!,MATCH($E130,#REF!,0)) ))) -> CV | D130: =IFERROR( INDEX(#REF!,MATCH($E130,#REF!,0)), IFERROR( INDEX('SETORES VARRIÇÃO'!$B:$B,MATCH($E130,'SETORES VARRIÇÃO'!$H:$H,0)), IFERROR( INDEX(#REF!,MATCH($E130,#REF!,0)), INDEX(#REF!,MATCH($E130,#REF!,0)) ))) -> CV10203VJ0059 | E130: =SUBSTITUTE(B130,"SMSUB-LUTOCAR-","") -> 03-0034 | F130: =IFERROR( INDEX(#REF!,MATCH($E130,#REF!,0)), IFERROR( INDEX('SETORES VARRIÇÃO'!$F:$F,MATCH($E130,'SETORES VARRIÇÃO'!$H:$H,0)), IFERROR( INDEX(#REF!,MATCH($E130,#REF!,0)), INDEX(#REF!,MATCH($E130,#REF!,0)) ))) -> Terça/Quinta/Sábado | G130: ON | H130: 0.89 | I130: 30/01/2026 09:34:43
A131: 46052 | B131: SMSUB-LUTOCAR-03-0035 | C131: =IFERROR( INDEX(#REF!,MATCH($E131,#REF!,0)), IFERROR( INDEX('SETORES VARRIÇÃO'!$A:$A,MATCH($E131,'SETORES VARRIÇÃO'!$H:$H,0)), IFERROR( INDEX(#REF!,MATCH($E131,#REF!,0)), INDEX(#REF!,MATCH($E131,#REF!,0)) ))) -> CV | D131: =IFERROR( INDEX(#REF!,MATCH($E131,#REF!,0)), IFERROR( INDEX('SETORES VARRIÇÃO'!$B:$B,MATCH($E131,'SETORES VARRIÇÃO'!$H:$H,0)), IFERROR( INDEX(#REF!,MATCH($E131,#REF!,0)), INDEX(#REF!,MATCH($E131,#REF!,0)) ))) -> CV10203VJ0061 | E131: =SUBSTITUTE(B131,"SMSUB-LUTOCAR-","") -> 03-0035 | F131: =IFERROR( INDEX(#REF!,MATCH($E131,#REF!,0)), IFERROR( INDEX('SETORES VARRIÇÃO'!$F:$F,MATCH($E131,'SETORES VARRIÇÃO'!$H:$H,0)), IFERROR( INDEX(#REF!,MATCH($E131,#REF!,0)), INDEX(#REF!,MATCH($E131,#REF!,0)) ))) -> Terça/Quinta/Sábado | G131: ON | H131: 0.73 | I131: 30/01/2026 09:33:22
A132: 46052 | B132: SMSUB-LUTOCAR-03-0036 | C132: =IFERROR( INDEX(#REF!,MATCH($E132,#REF!,0)), IFERROR( INDEX('SETORES VARRIÇÃO'!$A:$A,MATCH($E132,'SETORES VARRIÇÃO'!$H:$H,0)), IFERROR( INDEX(#REF!,MATCH($E132,#REF!,0)), INDEX(#REF!,MATCH($E132,#REF!,0)) ))) -> CV | D132: =IFERROR( INDEX(#REF!,MATCH($E132,#REF!,0)), IFERROR( INDEX('SETORES VARRIÇÃO'!$B:$B,MATCH($E132,'SETORES VARRIÇÃO'!$H:$H,0)), IFERROR( INDEX(#REF!,MATCH($E132,#REF!,0)), INDEX(#REF!,MATCH($E132,#REF!,0)) ))) -> CV10101VL0001 | E132: =SUBSTITUTE(B132,"SMSUB-LUTOCAR-","") -> 03-0036 | F132: =IFERROR( INDEX(#REF!,MATCH($E132,#REF!,0)), IFERROR( INDEX('SETORES VARRIÇÃO'!$F:$F,MATCH($E132,'SETORES VARRIÇÃO'!$H:$H,0)), IFERROR( INDEX(#REF!,MATCH($E132,#REF!,0)), INDEX(#REF!,MATCH($E132,#REF!,0)) ))) -> Segunda a Domingo | G132: ON | H132: 0.54 | I132: 30/01/2026 09:47:49
A133: 46052 | B133: SMSUB-LUTOCAR-03-0037 | C133: =IFERROR( INDEX(#REF!,MATCH($E133,#REF!,0)), IFERROR( INDEX('SETORES VARRIÇÃO'!$A:$A,MATCH($E133,'SETORES VARRIÇÃO'!$H:$H,0)), IFERROR( INDEX(#REF!,MATCH($E133,#REF!,0)), INDEX(#REF!,MATCH($E133,#REF!,0)) ))) -> JT | D133: =IFERROR( INDEX(#REF!,MATCH($E133,#REF!,0)), IFERROR( INDEX('SETORES VARRIÇÃO'!$B:$B,MATCH($E133,'SETORES VARRIÇÃO'!$H:$H,0)), IFERROR( INDEX(#REF!,MATCH($E133,#REF!,0)), INDEX(#REF!,MATCH($E133,#REF!,0)) ))) -> JT10302VJ0005 | E133: =SUBSTITUTE(B133,"SMSUB-LUTOCAR-","") -> 03-0037 | F133: =IFERROR( INDEX(#REF!,MATCH($E133,#REF!,0)), IFERROR( INDEX('SETORES VARRIÇÃO'!$F:$F,MATCH($E133,'SETORES VARRIÇÃO'!$H:$H,0)), IFERROR( INDEX(#REF!,MATCH($E133,#REF!,0)), INDEX(#REF!,MATCH($E133,#REF!,0)) ))) -> Segunda/Quinta | G133: ON | H133: 0.87 | I133: 30/01/2026 09:43:17
A134: 46052 | B134: SMSUB-LUTOCAR-03-0038 | C134: =IFERROR( INDEX(#REF!,MATCH($E134,#REF!,0)), IFERROR( INDEX('SETORES VARRIÇÃO'!$A:$A,MATCH($E134,'SETORES VARRIÇÃO'!$H:$H,0)), IFERROR( INDEX(#REF!,MATCH($E134,#REF!,0)), INDEX(#REF!,MATCH($E134,#REF!,0)) ))) -> CV | D134: =IFERROR( INDEX(#REF!,MATCH($E134,#REF!,0)), IFERROR( INDEX('SETORES VARRIÇÃO'!$B:$B,MATCH($E134,'SETORES VARRIÇÃO'!$H:$H,0)), IFERROR( INDEX(#REF!,MATCH($E134,#REF!,0)), INDEX(#REF!,MATCH($E134,#REF!,0)) ))) -> CV10202VJ0030 | E134: =SUBSTITUTE(B134,"SMSUB-LUTOCAR-","") -> 03-0038 | F134: =IFERROR( INDEX(#REF!,MATCH($E134,#REF!,0)), IFERROR( INDEX('SETORES VARRIÇÃO'!$F:$F,MATCH($E134,'SETORES VARRIÇÃO'!$H:$H,0)), IFERROR( INDEX(#REF!,MATCH($E134,#REF!,0)), INDEX(#REF!,MATCH($E134,#REF!,0)) ))) -> Segunda/Quarta/Sexta | G134: ON | H134: 0.61 | I134: 30/01/2026 09:45:58
A135: 46052 | B135: SMSUB-LUTOCAR-03-0039 | C135: =IFERROR( INDEX(#REF!,MATCH($E135,#REF!,0)), IFERROR( INDEX('SETORES VARRIÇÃO'!$A:$A,MATCH($E135,'SETORES VARRIÇÃO'!$H:$H,0)), IFERROR( INDEX(#REF!,MATCH($E135,#REF!,0)), INDEX(#REF!,MATCH($E135,#REF!,0)) ))) -> CV | D135: =IFERROR( INDEX(#REF!,MATCH($E135,#REF!,0)), IFERROR( INDEX('SETORES VARRIÇÃO'!$B:$B,MATCH($E135,'SETORES VARRIÇÃO'!$H:$H,0)), IFERROR( INDEX(#REF!,MATCH($E135,#REF!,0)), INDEX(#REF!,MATCH($E135,#REF!,0)) ))) -> CV10203VJ0047 | E135: =SUBSTITUTE(B135,"SMSUB-LUTOCAR-","") -> 03-0039 | F135: =IFERROR( INDEX(#REF!,MATCH($E135,#REF!,0)), IFERROR( INDEX('SETORES VARRIÇÃO'!$F:$F,MATCH($E135,'SETORES VARRIÇÃO'!$H:$H,0)), IFERROR( INDEX(#REF!,MATCH($E135,#REF!,0)), INDEX(#REF!,MATCH($E135,#REF!,0)) ))) -> Terça/Quinta/Sábado | G135: ON | H135: 0.71 | I135: 30/01/2026 09:45:01
... A138: 46052 | B138: SMSUB-LUTOCAR-03-0042 | C138: =IFERROR( INDEX(#REF!,MATCH($E138,#REF!,0)), IFERROR( INDEX('SETORES VARRIÇÃO'!$A:$A,MATCH($E138,'SETORES VARRIÇÃO'!$H:$H,0)), IFERROR( INDEX(#REF!,MATCH($E138,#REF!,0)), INDEX(#REF!,MATCH($E138,#REF!,0)) ))) -> JT | D138: =IFERROR( INDEX(#REF!,MATCH($E138,#REF!,0)), IFERROR( INDEX('SETORES VARRIÇÃO'!$B:$B,MATCH($E138,'SETORES VARRIÇÃO'!$H:$H,0)), IFERROR( INDEX(#REF!,MATCH($E138,#REF!,0)), INDEX(#REF!,MATCH($E138,#REF!,0)) ))) -> JT10202VJ0056 | E138: =SUBSTITUTE(B138,"SMSUB-LUTOCAR-","") -> 03-0042 | F138: =IFERROR( INDEX(#REF!,MATCH($E138,#REF!,0)), IFERROR( INDEX('SETORES VARRIÇÃO'!$F:$F,MATCH($E138,'SETORES VARRIÇÃO'!$H:$H,0)), IFERROR( INDEX(#REF!,MATCH($E138,#REF!,0)), INDEX(#REF!,MATCH($E138,#REF!,0)) ))) -> Segunda/Quarta/Sexta | G138: ON | H138: 0.66 | I138: 30/01/2026 09:42:52
A139: 46052 | B139: SMSUB-LUTOCAR-03-0043 | C139: =IFERROR( INDEX(#REF!,MATCH($E139,#REF!,0)), IFERROR( INDEX('SETORES VARRIÇÃO'!$A:$A,MATCH($E139,'SETORES VARRIÇÃO'!$H:$H,0)), IFERROR( INDEX(#REF!,MATCH($E139,#REF!,0)), INDEX(#REF!,MATCH($E139,#REF!,0)) ))) -> JT | D139: =IFERROR( INDEX(#REF!,MATCH($E139,#REF!,0)), IFERROR( INDEX('SETORES VARRIÇÃO'!$B:$B,MATCH($E139,'SETORES VARRIÇÃO'!$H:$H,0)), IFERROR( INDEX(#REF!,MATCH($E139,#REF!,0)), INDEX(#REF!,MATCH($E139,#REF!,0)) ))) -> JT10303VJ0029 | E139: =SUBSTITUTE(B139,"SMSUB-LUTOCAR-","") -> 03-0043 | F139: =IFERROR( INDEX(#REF!,MATCH($E139,#REF!,0)), IFERROR( INDEX('SETORES VARRIÇÃO'!$F:$F,MATCH($E139,'SETORES VARRIÇÃO'!$H:$H,0)), IFERROR( INDEX(#REF!,MATCH($E139,#REF!,0)), INDEX(#REF!,MATCH($E139,#REF!,0)) ))) -> Terça/Sexta | G139: OFF | H139: 0% (Bateria desatualizada) | I139: 11/01/2026 22:53:59
A140: 46052 | B140: SMSUB-LUTOCAR-03-0044 | C140: =IFERROR( INDEX(#REF!,MATCH($E140,#REF!,0)), IFERROR( INDEX('SETORES VARRIÇÃO'!$A:$A,MATCH($E140,'SETORES VARRIÇÃO'!$H:$H,0)), IFERROR( INDEX(#REF!,MATCH($E140,#REF!,0)), INDEX(#REF!,MATCH($E140,#REF!,0)) ))) -> CV | D140: =IFERROR( INDEX(#REF!,MATCH($E140,#REF!,0)), IFERROR( INDEX('SETORES VARRIÇÃO'!$B:$B,MATCH($E140,'SETORES VARRIÇÃO'!$H:$H,0)), IFERROR( INDEX(#REF!,MATCH($E140,#REF!,0)), INDEX(#REF!,MATCH($E140,#REF!,0)) ))) -> CV10304VJ0023 | E140: =SUBSTITUTE(B140,"SMSUB-LUTOCAR-","") -> 03-0044 | F140: =IFERROR( INDEX(#REF!,MATCH($E140,#REF!,0)), IFERROR( INDEX('SETORES VARRIÇÃO'!$F:$F,MATCH($E140,'SETORES VARRIÇÃO'!$H:$H,0)), IFERROR( INDEX(#REF!,MATCH($E140,#REF!,0)), INDEX(#REF!,MATCH($E140,#REF!,0)) ))) -> Quarta/Sábado | G140: OFF | H140: 64% (Bateria desatualizada) | I140: 28/01/2026 09:53:20
A141: 46052 | B141: SMSUB-LUTOCAR-03-0045 | C141: =IFERROR( INDEX(#REF!,MATCH($E141,#REF!,0)), IFERROR( INDEX('SETORES VARRIÇÃO'!$A:$A,MATCH($E141,'SETORES VARRIÇÃO'!$H:$H,0)), IFERROR( INDEX(#REF!,MATCH($E141,#REF!,0)), INDEX(#REF!,MATCH($E141,#REF!,0)) ))) -> JT | D141: =IFERROR( INDEX(#REF!,MATCH($E141,#REF!,0)), IFERROR( INDEX('SETORES VARRIÇÃO'!$B:$B,MATCH($E141,'SETORES VARRIÇÃO'!$H:$H,0)), IFERROR( INDEX(#REF!,MATCH($E141,#REF!,0)), INDEX(#REF!,MATCH($E141,#REF!,0)) ))) -> JT10302VJ0016 | E141: =SUBSTITUTE(B141,"SMSUB-LUTOCAR-","") -> 03-0045 | F141: =IFERROR( INDEX(#REF!,MATCH($E141,#REF!,0)), IFERROR( INDEX('SETORES VARRIÇÃO'!$F:$F,MATCH($E141,'SETORES VARRIÇÃO'!$H:$H,0)), IFERROR( INDEX(#REF!,MATCH($E141,#REF!,0)), INDEX(#REF!,MATCH($E141,#REF!,0)) ))) -> Segunda/Quinta | G141: ON | H141: 0.75 | I141: 30/01/2026 09:27:33
A142: 46052 | B142: SMSUB-LUTOCAR-03-0046 | C142: =IFERROR( INDEX(#REF!,MATCH($E142,#REF!,0)), IFERROR( INDEX('SETORES VARRIÇÃO'!$A:$A,MATCH($E142,'SETORES VARRIÇÃO'!$H:$H,0)), IFERROR( INDEX(#REF!,MATCH($E142,#REF!,0)), INDEX(#REF!,MATCH($E142,#REF!,0)) ))) -> JT | D142: =IFERROR( INDEX(#REF!,MATCH($E142,#REF!,0)), IFERROR( INDEX('SETORES VARRIÇÃO'!$B:$B,MATCH($E142,'SETORES VARRIÇÃO'!$H:$H,0)), IFERROR( INDEX(#REF!,MATCH($E142,#REF!,0)), INDEX(#REF!,MATCH($E142,#REF!,0)) ))) -> JT10203VJ0055 | E142: =SUBSTITUTE(B142,"SMSUB-LUTOCAR-","") -> 03-0046 | F142: =IFERROR( INDEX(#REF!,MATCH($E142,#REF!,0)), IFERROR( INDEX('SETORES VARRIÇÃO'!$F:$F,MATCH($E142,'SETORES VARRIÇÃO'!$H:$H,0)), IFERROR( INDEX(#REF!,MATCH($E142,#REF!,0)), INDEX(#REF!,MATCH($E142,#REF!,0)) ))) -> Terça/Quinta/Sábado | G142: ON | H142: 0.69 | I142: 30/01/2026 09:32:45
A143: 46052 | B143: SMSUB-LUTOCAR-03-0047 | C143: =IFERROR( INDEX(#REF!,MATCH($E143,#REF!,0)), IFERROR( INDEX('SETORES VARRIÇÃO'!$A:$A,MATCH($E143,'SETORES VARRIÇÃO'!$H:$H,0)), IFERROR( INDEX(#REF!,MATCH($E143,#REF!,0)), INDEX(#REF!,MATCH($E143,#REF!,0)) ))) -> MG | D143: =IFERROR( INDEX(#REF!,MATCH($E143,#REF!,0)), IFERROR( INDEX('SETORES VARRIÇÃO'!$B:$B,MATCH($E143,'SETORES VARRIÇÃO'!$H:$H,0)), IFERROR( INDEX(#REF!,MATCH($E143,#REF!,0)), INDEX(#REF!,MATCH($E143,#REF!,0)) ))) -> MG10101VJ0002 | E143: =SUBSTITUTE(B143,"SMSUB-LUTOCAR-","") -> 03-0047 | F143: =IFERROR( INDEX(#REF!,MATCH($E143,#REF!,0)), IFERROR( INDEX('SETORES VARRIÇÃO'!$F:$F,MATCH($E143,'SETORES VARRIÇÃO'!$H:$H,0)), IFERROR( INDEX(#REF!,MATCH($E143,#REF!,0)), INDEX(#REF!,MATCH($E143,#REF!,0)) ))) -> Segunda a Domingo | G143: ON | H143: 0.59 | I143: 30/01/2026 09:41:53
A144: 46052 | B144: SMSUB-LUTOCAR-03-0048 | C144: =IFERROR( INDEX(#REF!,MATCH($E144,#REF!,0)), IFERROR( INDEX('SETORES VARRIÇÃO'!$A:$A,MATCH($E144,'SETORES VARRIÇÃO'!$H:$H,0)), IFERROR( INDEX(#REF!,MATCH($E144,#REF!,0)), INDEX(#REF!,MATCH($E144,#REF!,0)) ))) -> JT | D144: =IFERROR( INDEX(#REF!,MATCH($E144,#REF!,0)), IFERROR( INDEX('SETORES VARRIÇÃO'!$B:$B,MATCH($E144,'SETORES VARRIÇÃO'!$H:$H,0)), IFERROR( INDEX(#REF!,MATCH($E144,#REF!,0)), INDEX(#REF!,MATCH($E144,#REF!,0)) ))) -> JT10303VJ0026 | E144: =SUBSTITUTE(B144,"SMSUB-LUTOCAR-","") -> 03-0048 | F144: =IFERROR( INDEX(#REF!,MATCH($E144,#REF!,0)), IFERROR( INDEX('SETORES VARRIÇÃO'!$F:$F,MATCH($E144,'SETORES VARRIÇÃO'!$H:$H,0)), IFERROR( INDEX(#REF!,MATCH($E144,#REF!,0)), INDEX(#REF!,MATCH($E144,#REF!,0)) ))) -> Terça/Sexta | G144: ON | H144: 0.69 | I144: 30/01/2026 09:47:27
A145: 46052 | B145: SMSUB-LUTOCAR-03-0049 | C145: =IFERROR( INDEX(#REF!,MATCH($E145,#REF!,0)), IFERROR( INDEX('SETORES VARRIÇÃO'!$A:$A,MATCH($E145,'SETORES VARRIÇÃO'!$H:$H,0)), IFERROR( INDEX(#REF!,MATCH($E145,#REF!,0)), INDEX(#REF!,MATCH($E145,#REF!,0)) ))) -> JT | D145: =IFERROR( INDEX(#REF!,MATCH($E145,#REF!,0)), IFERROR( INDEX('SETORES VARRIÇÃO'!$B:$B,MATCH($E145,'SETORES VARRIÇÃO'!$H:$H,0)), IFERROR( INDEX(#REF!,MATCH($E145,#REF!,0)), INDEX(#REF!,MATCH($E145,#REF!,0)) ))) -> JT10102VJ0001 | E145: =SUBSTITUTE(B145,"SMSUB-LUTOCAR-","") -> 03-0049 | F145: =IFERROR( INDEX(#REF!,MATCH($E145,#REF!,0)), IFERROR( INDEX('SETORES VARRIÇÃO'!$F:$F,MATCH($E145,'SETORES VARRIÇÃO'!$H:$H,0)), IFERROR( INDEX(#REF!,MATCH($E145,#REF!,0)), INDEX(#REF!,MATCH($E145,#REF!,0)) ))) -> Segunda a Domingo | G145: ON | H145: 0.54 | I145: 30/01/2026 09:47:34
A146: 46052 | B146: SMSUB-LUTOCAR-03-0050 | C146: =IFERROR( INDEX(#REF!,MATCH($E146,#REF!,0)), IFERROR( INDEX('SETORES VARRIÇÃO'!$A:$A,MATCH($E146,'SETORES VARRIÇÃO'!$H:$H,0)), IFERROR( INDEX(#REF!,MATCH($E146,#REF!,0)), INDEX(#REF!,MATCH($E146,#REF!,0)) ))) -> CV | D146: =IFERROR( INDEX(#REF!,MATCH($E146,#REF!,0)), IFERROR( INDEX('SETORES VARRIÇÃO'!$B:$B,MATCH($E146,'SETORES VARRIÇÃO'!$H:$H,0)), IFERROR( INDEX(#REF!,MATCH($E146,#REF!,0)), INDEX(#REF!,MATCH($E146,#REF!,0)) ))) -> CV10203VJ0064 | E146: =SUBSTITUTE(B146,"SMSUB-LUTOCAR-","") -> 03-0050 | F146: =IFERROR( INDEX(#REF!,MATCH($E146,#REF!,0)), IFERROR( INDEX('SETORES VARRIÇÃO'!$F:$F,MATCH($E146,'SETORES VARRIÇÃO'!$H:$H,0)), IFERROR( INDEX(#REF!,MATCH($E146,#REF!,0)), INDEX(#REF!,MATCH($E146,#REF!,0)) ))) -> Terça/Quinta/Sábado | G146: ON | H146: 0.66 | I146: 30/01/2026 09:47:07
A147: 46052 | B147: SMSUB-LUTOCAR-03-0051 | C147: =IFERROR( INDEX(#REF!,MATCH($E147,#REF!,0)), IFERROR( INDEX('SETORES VARRIÇÃO'!$A:$A,MATCH($E147,'SETORES VARRIÇÃO'!$H:$H,0)), IFERROR( INDEX(#REF!,MATCH($E147,#REF!,0)), INDEX(#REF!,MATCH($E147,#REF!,0)) ))) -> JT | D147: =IFERROR( INDEX(#REF!,MATCH($E147,#REF!,0)), IFERROR( INDEX('SETORES VARRIÇÃO'!$B:$B,MATCH($E147,'SETORES VARRIÇÃO'!$H:$H,0)), IFERROR( INDEX(#REF!,MATCH($E147,#REF!,0)), INDEX(#REF!,MATCH($E147,#REF!,0)) ))) -> JT10304VJ0041 | E147: =SUBSTITUTE(B147,"SMSUB-LUTOCAR-","") -> 03-0051 | F147: =IFERROR( INDEX(#REF!,MATCH($E147,#REF!,0)), IFERROR( INDEX('SETORES VARRIÇÃO'!$F:$F,MATCH($E147,'SETORES VARRIÇÃO'!$H:$H,0)), IFERROR( INDEX(#REF!,MATCH($E147,#REF!,0)), INDEX(#REF!,MATCH($E147,#REF!,0)) ))) -> Quarta/Sábado | G147: OFF | H147: 69% (Bateria desatualizada) | I147: 28/01/2026 06:51:45
A148: 46052 | B148: SMSUB-LUTOCAR-03-0052 | C148: =IFERROR( INDEX(#REF!,MATCH($E148,#REF!,0)), IFERROR( INDEX('SETORES VARRIÇÃO'!$A:$A,MATCH($E148,'SETORES VARRIÇÃO'!$H:$H,0)), IFERROR( INDEX(#REF!,MATCH($E148,#REF!,0)), INDEX(#REF!,MATCH($E148,#REF!,0)) ))) -> JT | D148: =IFERROR( INDEX(#REF!,MATCH($E148,#REF!,0)), IFERROR( INDEX('SETORES VARRIÇÃO'!$B:$B,MATCH($E148,'SETORES VARRIÇÃO'!$H:$H,0)), IFERROR( INDEX(#REF!,MATCH($E148,#REF!,0)), INDEX(#REF!,MATCH($E148,#REF!,0)) ))) -> JT10302VJ0006 | E148: =SUBSTITUTE(B148,"SMSUB-LUTOCAR-","") -> 03-0052 | F148: =IFERROR( INDEX(#REF!,MATCH($E148,#REF!,0)), IFERROR( INDEX('SETORES VARRIÇÃO'!$F:$F,MATCH($E148,'SETORES VARRIÇÃO'!$H:$H,0)), IFERROR( INDEX(#REF!,MATCH($E148,#REF!,0)), INDEX(#REF!,MATCH($E148,#REF!,0)) ))) -> Segunda/Quinta | G148: ON | H148: 0.78 | I148: 30/01/2026 09:24:34
A149: 46052 | B149: SMSUB-LUTOCAR-03-0053 | C149: =IFERROR( INDEX(#REF!,MATCH($E149,#REF!,0)), IFERROR( INDEX('SETORES VARRIÇÃO'!$A:$A,MATCH($E149,'SETORES VARRIÇÃO'!$H:$H,0)), IFERROR( INDEX(#REF!,MATCH($E149,#REF!,0)), INDEX(#REF!,MATCH($E149,#REF!,0)) ))) -> JT | D149: =IFERROR( INDEX(#REF!,MATCH($E149,#REF!,0)), IFERROR( INDEX('SETORES VARRIÇÃO'!$B:$B,MATCH($E149,'SETORES VARRIÇÃO'!$H:$H,0)), IFERROR( INDEX(#REF!,MATCH($E149,#REF!,0)), INDEX(#REF!,MATCH($E149,#REF!,0)) ))) -> JT10303VJ0034 | E149: =SUBSTITUTE(B149,"SMSUB-LUTOCAR-","") -> 03-0053 | F149: =IFERROR( INDEX(#REF!,MATCH($E149,#REF!,0)), IFERROR( INDEX('SETORES VARRIÇÃO'!$F:$F,MATCH($E149,'SETORES VARRIÇÃO'!$H:$H,0)), IFERROR( INDEX(#REF!,MATCH($E149,#REF!,0)), INDEX(#REF!,MATCH($E149,#REF!,0)) ))) -> Terça/Sexta | G149: OFF | H149: 0% (Bateria desatualizada) | I149: 05/01/2026 18:26:21
A150: 46052 | B150: SMSUB-LUTOCAR-03-0054 | C150: =IFERROR( INDEX(#REF!,MATCH($E150,#REF!,0)), IFERROR( INDEX('SETORES VARRIÇÃO'!$A:$A,MATCH($E150,'SETORES VARRIÇÃO'!$H:$H,0)), IFERROR( INDEX(#REF!,MATCH($E150,#REF!,0)), INDEX(#REF!,MATCH($E150,#REF!,0)) ))) -> JT | D150: =IFERROR( INDEX(#REF!,MATCH($E150,#REF!,0)), IFERROR( INDEX('SETORES VARRIÇÃO'!$B:$B,MATCH($E150,'SETORES VARRIÇÃO'!$H:$H,0)), IFERROR( INDEX(#REF!,MATCH($E150,#REF!,0)), INDEX(#REF!,MATCH($E150,#REF!,0)) ))) -> JT10304VJ0040 | E150: =SUBSTITUTE(B150,"SMSUB-LUTOCAR-","") -> 03-0054 | F150: =IFERROR( INDEX(#REF!,MATCH($E150,#REF!,0)), IFERROR( INDEX('SETORES VARRIÇÃO'!$F:$F,MATCH($E150,'SETORES VARRIÇÃO'!$H:$H,0)), IFERROR( INDEX(#REF!,MATCH($E150,#REF!,0)), INDEX(#REF!,MATCH($E150,#REF!,0)) ))) -> Quarta/Sábado | G150: ON | H150: 0.59 | I150: 30/01/2026 03:00:39
A151: 46052 | B151: SMSUB-LUTOCAR-03-0055 | C151: =IFERROR( INDEX(#REF!,MATCH($E151,#REF!,0)), IFERROR( INDEX('SETORES VARRIÇÃO'!$A:$A,MATCH($E151,'SETORES VARRIÇÃO'!$H:$H,0)), IFERROR( INDEX(#REF!,MATCH($E151,#REF!,0)), INDEX(#REF!,MATCH($E151,#REF!,0)) ))) -> CV | D151: =IFERROR( INDEX(#REF!,MATCH($E151,#REF!,0)), IFERROR( INDEX('SETORES VARRIÇÃO'!$B:$B,MATCH($E151,'SETORES VARRIÇÃO'!$H:$H,0)), IFERROR( INDEX(#REF!,MATCH($E151,#REF!,0)), INDEX(#REF!,MATCH($E151,#REF!,0)) ))) -> CV10101VJ0001 | E151: =SUBSTITUTE(B151,"SMSUB-LUTOCAR-","") -> 03-0055 | F151: =IFERROR( INDEX(#REF!,MATCH($E151,#REF!,0)), IFERROR( INDEX('SETORES VARRIÇÃO'!$F:$F,MATCH($E151,'SETORES VARRIÇÃO'!$H:$H,0)), IFERROR( INDEX(#REF!,MATCH($E151,#REF!,0)), INDEX(#REF!,MATCH($E151,#REF!,0)) ))) -> Segunda a Domingo | G151: ON | H151: 0.69 | I151: 30/01/2026 09:47:28
A152: 46052 | B152: SMSUB-LUTOCAR-03-0056 | C152: =IFERROR( INDEX(#REF!,MATCH($E152,#REF!,0)), IFERROR( INDEX('SETORES VARRIÇÃO'!$A:$A,MATCH($E152,'SETORES VARRIÇÃO'!$H:$H,0)), IFERROR( INDEX(#REF!,MATCH($E152,#REF!,0)), INDEX(#REF!,MATCH($E152,#REF!,0)) ))) -> CV | D152: =IFERROR( INDEX(#REF!,MATCH($E152,#REF!,0)), IFERROR( INDEX('SETORES VARRIÇÃO'!$B:$B,MATCH($E152,'SETORES VARRIÇÃO'!$H:$H,0)), IFERROR( INDEX(#REF!,MATCH($E152,#REF!,0)), INDEX(#REF!,MATCH($E152,#REF!,0)) ))) -> CV10202VJ0032 | E152: =SUBSTITUTE(B152,"SMSUB-LUTOCAR-","") -> 03-0056 | F152: =IFERROR( INDEX(#REF!,MATCH($E152,#REF!,0)), IFERROR( INDEX('SETORES VARRIÇÃO'!$F:$F,MATCH($E152,'SETORES VARRIÇÃO'!$H:$H,0)), IFERROR( INDEX(#REF!,MATCH($E152,#REF!,0)), INDEX(#REF!,MATCH($E152,#REF!,0)) ))) -> Segunda/Quarta/Sexta | G152: ON | H152: 0.64 | I152: 30/01/2026 09:46:45
A153: 46052 | B153: SMSUB-LUTOCAR-03-0057 | C153: =IFERROR( INDEX(#REF!,MATCH($E153,#REF!,0)), IFERROR( INDEX('SETORES VARRIÇÃO'!$A:$A,MATCH($E153,'SETORES VARRIÇÃO'!$H:$H,0)), IFERROR( INDEX(#REF!,MATCH($E153,#REF!,0)), INDEX(#REF!,MATCH($E153,#REF!,0)) ))) -> CV | D153: =IFERROR( INDEX(#REF!,MATCH($E153,#REF!,0)), IFERROR( INDEX('SETORES VARRIÇÃO'!$B:$B,MATCH($E153,'SETORES VARRIÇÃO'!$H:$H,0)), IFERROR( INDEX(#REF!,MATCH($E153,#REF!,0)), INDEX(#REF!,MATCH($E153,#REF!,0)) ))) -> CV10101VJ0005 | E153: =SUBSTITUTE(B153,"SMSUB-LUTOCAR-","") -> 03-0057 | F153: =IFERROR( INDEX(#REF!,MATCH($E153,#REF!,0)), IFERROR( INDEX('SETORES VARRIÇÃO'!$F:$F,MATCH($E153,'SETORES VARRIÇÃO'!$H:$H,0)), IFERROR( INDEX(#REF!,MATCH($E153,#REF!,0)), INDEX(#REF!,MATCH($E153,#REF!,0)) ))) -> Segunda a Domingo | G153: ON | H153: 0.39 | I153: 30/01/2026 09:39:51
A154: 46052 | B154: SMSUB-LUTOCAR-03-0058 | C154: =IFERROR( INDEX(#REF!,MATCH($E154,#REF!,0)), IFERROR( INDEX('SETORES VARRIÇÃO'!$A:$A,MATCH($E154,'SETORES VARRIÇÃO'!$H:$H,0)), IFERROR( INDEX(#REF!,MATCH($E154,#REF!,0)), INDEX(#REF!,MATCH($E154,#REF!,0)) ))) -> JT | D154: =IFERROR( INDEX(#REF!,MATCH($E154,#REF!,0)), IFERROR( INDEX('SETORES VARRIÇÃO'!$B:$B,MATCH($E154,'SETORES VARRIÇÃO'!$H:$H,0)), IFERROR( INDEX(#REF!,MATCH($E154,#REF!,0)), INDEX(#REF!,MATCH($E154,#REF!,0)) ))) -> JT10302VJ0019 | E154: =SUBSTITUTE(B154,"SMSUB-LUTOCAR-","") -> 03-0058 | F154: =IFERROR( INDEX(#REF!,MATCH($E154,#REF!,0)), IFERROR( INDEX('SETORES VARRIÇÃO'!$F:$F,MATCH($E154,'SETORES VARRIÇÃO'!$H:$H,0)), IFERROR( INDEX(#REF!,MATCH($E154,#REF!,0)), INDEX(#REF!,MATCH($E154,#REF!,0)) ))) -> Segunda/Quinta | G154: ON | H154: 0.4 | I154: 30/01/2026 09:45:08
A155: 46052 | B155: SMSUB-LUTOCAR-03-0059 | C155: =IFERROR( INDEX(#REF!,MATCH($E155,#REF!,0)), IFERROR( INDEX('SETORES VARRIÇÃO'!$A:$A,MATCH($E155,'SETORES VARRIÇÃO'!$H:$H,0)), IFERROR( INDEX(#REF!,MATCH($E155,#REF!,0)), INDEX(#REF!,MATCH($E155,#REF!,0)) ))) -> JT | D155: =IFERROR( INDEX(#REF!,MATCH($E155,#REF!,0)), IFERROR( INDEX('SETORES VARRIÇÃO'!$B:$B,MATCH($E155,'SETORES VARRIÇÃO'!$H:$H,0)), IFERROR( INDEX(#REF!,MATCH($E155,#REF!,0)), INDEX(#REF!,MATCH($E155,#REF!,0)) ))) -> JT20102VJ0003 | E155: =SUBSTITUTE(B155,"SMSUB-LUTOCAR-","") -> 03-0059 | F155: =IFERROR( INDEX(#REF!,MATCH($E155,#REF!,0)), IFERROR( INDEX('SETORES VARRIÇÃO'!$F:$F,MATCH($E155,'SETORES VARRIÇÃO'!$H:$H,0)), IFERROR( INDEX(#REF!,MATCH($E155,#REF!,0)), INDEX(#REF!,MATCH($E155,#REF!,0)) ))) -> Segunda a Domingo | G155: ON | H155: 0.49 | I155: 30/01/2026 07:49:52
A156: 46052 | B156: SMSUB-LUTOCAR-03-0060 | C156: =IFERROR( INDEX(#REF!,MATCH($E156,#REF!,0)), IFERROR( INDEX('SETORES VARRIÇÃO'!$A:$A,MATCH($E156,'SETORES VARRIÇÃO'!$H:$H,0)), IFERROR( INDEX(#REF!,MATCH($E156,#REF!,0)), INDEX(#REF!,MATCH($E156,#REF!,0)) ))) -> CV | D156: =IFERROR( INDEX(#REF!,MATCH($E156,#REF!,0)), IFERROR( INDEX('SETORES VARRIÇÃO'!$B:$B,MATCH($E156,'SETORES VARRIÇÃO'!$H:$H,0)), IFERROR( INDEX(#REF!,MATCH($E156,#REF!,0)), INDEX(#REF!,MATCH($E156,#REF!,0)) ))) -> CV10101VJ0002 | E156: =SUBSTITUTE(B156,"SMSUB-LUTOCAR-","") -> 03-0060 | F156: =IFERROR( INDEX(#REF!,MATCH($E156,#REF!,0)), IFERROR( INDEX('SETORES VARRIÇÃO'!$F:$F,MATCH($E156,'SETORES VARRIÇÃO'!$H:$H,0)), IFERROR( INDEX(#REF!,MATCH($E156,#REF!,0)), INDEX(#REF!,MATCH($E156,#REF!,0)) ))) -> Segunda a Domingo | G156: ON | H156: 0.5 | I156: 30/01/2026 09:47:27
A157: 46052 | B157: SMSUB-LUTOCAR-03-0061 | C157: =IFERROR( INDEX(#REF!,MATCH($E157,#REF!,0)), IFERROR( INDEX('SETORES VARRIÇÃO'!$A:$A,MATCH($E157,'SETORES VARRIÇÃO'!$H:$H,0)), IFERROR( INDEX(#REF!,MATCH($E157,#REF!,0)), INDEX(#REF!,MATCH($E157,#REF!,0)) ))) -> CV | D157: =IFERROR( INDEX(#REF!,MATCH($E157,#REF!,0)), IFERROR( INDEX('SETORES VARRIÇÃO'!$B:$B,MATCH($E157,'SETORES VARRIÇÃO'!$H:$H,0)), IFERROR( INDEX(#REF!,MATCH($E157,#REF!,0)), INDEX(#REF!,MATCH($E157,#REF!,0)) ))) -> CV10303VJ0019 | E157: =SUBSTITUTE(B157,"SMSUB-LUTOCAR-","") -> 03-0061 | F157: =IFERROR( INDEX(#REF!,MATCH($E157,#REF!,0)), IFERROR( INDEX('SETORES VARRIÇÃO'!$F:$F,MATCH($E157,'SETORES VARRIÇÃO'!$H:$H,0)), IFERROR( INDEX(#REF!,MATCH($E157,#REF!,0)), INDEX(#REF!,MATCH($E157,#REF!,0)) ))) -> Terça/Sexta | G157: ON | H157: 0.74 | I157: 30/01/2026 09:43:08
A158: 46052 | B158: SMSUB-LUTOCAR-03-0062 | C158: =IFERROR( INDEX(#REF!,MATCH($E158,#REF!,0)), IFERROR( INDEX('SETORES VARRIÇÃO'!$A:$A,MATCH($E158,'SETORES VARRIÇÃO'!$H:$H,0)), IFERROR( INDEX(#REF!,MATCH($E158,#REF!,0)), INDEX(#REF!,MATCH($E158,#REF!,0)) ))) -> CV | D158: =IFERROR( INDEX(#REF!,MATCH($E158,#REF!,0)), IFERROR( INDEX('SETORES VARRIÇÃO'!$B:$B,MATCH($E158,'SETORES VARRIÇÃO'!$H:$H,0)), IFERROR( INDEX(#REF!,MATCH($E158,#REF!,0)), INDEX(#REF!,MATCH($E158,#REF!,0)) ))) -> CV10304VJ0024 | E158: =SUBSTITUTE(B158,"SMSUB-LUTOCAR-","") -> 03-0062 | F158: =IFERROR( INDEX(#REF!,MATCH($E158,#REF!,0)), IFERROR( INDEX('SETORES VARRIÇÃO'!$F:$F,MATCH($E158,'SETORES VARRIÇÃO'!$H:$H,0)), IFERROR( INDEX(#REF!,MATCH($E158,#REF!,0)), INDEX(#REF!,MATCH($E158,#REF!,0)) ))) -> Quarta/Sábado | G158: OFF | H158: 54% (Bateria desatualizada) | I158: 28/01/2026 11:10:38
A159: 46052 | B159: SMSUB-LUTOCAR-03-0063 | C159: =IFERROR( INDEX(#REF!,MATCH($E159,#REF!,0)), IFERROR( INDEX('SETORES VARRIÇÃO'!$A:$A,MATCH($E159,'SETORES VARRIÇÃO'!$H:$H,0)), IFERROR( INDEX(#REF!,MATCH($E159,#REF!,0)), INDEX(#REF!,MATCH($E159,#REF!,0)) ))) -> JT | D159: =IFERROR( INDEX(#REF!,MATCH($E159,#REF!,0)), IFERROR( INDEX('SETORES VARRIÇÃO'!$B:$B,MATCH($E159,'SETORES VARRIÇÃO'!$H:$H,0)), IFERROR( INDEX(#REF!,MATCH($E159,#REF!,0)), INDEX(#REF!,MATCH($E159,#REF!,0)) ))) -> JT10303VJ0028 | E159: =SUBSTITUTE(B159,"SMSUB-LUTOCAR-","") -> 03-0063 | F159: =IFERROR( INDEX(#REF!,MATCH($E159,#REF!,0)), IFERROR( INDEX('SETORES VARRIÇÃO'!$F:$F,MATCH($E159,'SETORES VARRIÇÃO'!$H:$H,0)), IFERROR( INDEX(#REF!,MATCH($E159,#REF!,0)), INDEX(#REF!,MATCH($E159,#REF!,0)) ))) -> Terça/Sexta | G159: ON | H159: 0.79 | I159: 30/01/2026 09:47:16
A160: 46052 | B160: SMSUB-LUTOCAR-03-0064 | C160: =IFERROR( INDEX(#REF!,MATCH($E160,#REF!,0)), IFERROR( INDEX('SETORES VARRIÇÃO'!$A:$A,MATCH($E160,'SETORES VARRIÇÃO'!$H:$H,0)), IFERROR( INDEX(#REF!,MATCH($E160,#REF!,0)), INDEX(#REF!,MATCH($E160,#REF!,0)) ))) -> CV | D160: =IFERROR( INDEX(#REF!,MATCH($E160,#REF!,0)), IFERROR( INDEX('SETORES VARRIÇÃO'!$B:$B,MATCH($E160,'SETORES VARRIÇÃO'!$H:$H,0)), IFERROR( INDEX(#REF!,MATCH($E160,#REF!,0)), INDEX(#REF!,MATCH($E160,#REF!,0)) ))) -> CV10101VJ0003 | E160: =SUBSTITUTE(B160,"SMSUB-LUTOCAR-","") -> 03-0064 | F160: =IFERROR( INDEX(#REF!,MATCH($E160,#REF!,0)), IFERROR( INDEX('SETORES VARRIÇÃO'!$F:$F,MATCH($E160,'SETORES VARRIÇÃO'!$H:$H,0)), IFERROR( INDEX(#REF!,MATCH($E160,#REF!,0)), INDEX(#REF!,MATCH($E160,#REF!,0)) ))) -> Segunda a Domingo | G160: ON | H160: 0.64 | I160: 30/01/2026 09:36:14
A161: 46052 | B161: SMSUB-LUTOCAR-03-0065 | C161: =IFERROR( INDEX(#REF!,MATCH($E161,#REF!,0)), IFERROR( INDEX('SETORES VARRIÇÃO'!$A:$A,MATCH($E161,'SETORES VARRIÇÃO'!$H:$H,0)), IFERROR( INDEX(#REF!,MATCH($E161,#REF!,0)), INDEX(#REF!,MATCH($E161,#REF!,0)) ))) -> CV | D161: =IFERROR( INDEX(#REF!,MATCH($E161,#REF!,0)), IFERROR( INDEX('SETORES VARRIÇÃO'!$B:$B,MATCH($E161,'SETORES VARRIÇÃO'!$H:$H,0)), IFERROR( INDEX(#REF!,MATCH($E161,#REF!,0)), INDEX(#REF!,MATCH($E161,#REF!,0)) ))) -> CV10302VJ0013 | E161: =SUBSTITUTE(B161,"SMSUB-LUTOCAR-","") -> 03-0065 | F161: =IFERROR( INDEX(#REF!,MATCH($E161,#REF!,0)), IFERROR( INDEX('SETORES VARRIÇÃO'!$F:$F,MATCH($E161,'SETORES VARRIÇÃO'!$H:$H,0)), IFERROR( INDEX(#REF!,MATCH($E161,#REF!,0)), INDEX(#REF!,MATCH($E161,#REF!,0)) ))) -> Segunda/Quinta | G161: OFF | H161: 99% (Bateria desatualizada) | I161: 26/01/2026 10:26:16
A162: 46052 | B162: SMSUB-LUTOCAR-03-0066 | C162: =IFERROR( INDEX(#REF!,MATCH($E162,#REF!,0)), IFERROR( INDEX('SETORES VARRIÇÃO'!$A:$A,MATCH($E162,'SETORES VARRIÇÃO'!$H:$H,0)), IFERROR( INDEX(#REF!,MATCH($E162,#REF!,0)), INDEX(#REF!,MATCH($E162,#REF!,0)) ))) -> CV | D162: =IFERROR( INDEX(#REF!,MATCH($E162,#REF!,0)), IFERROR( INDEX('SETORES VARRIÇÃO'!$B:$B,MATCH($E162,'SETORES VARRIÇÃO'!$H:$H,0)), IFERROR( INDEX(#REF!,MATCH($E162,#REF!,0)), INDEX(#REF!,MATCH($E162,#REF!,0)) ))) -> CV10203VJ0048 | E162: =SUBSTITUTE(B162,"SMSUB-LUTOCAR-","") -> 03-0066 | F162: =IFERROR( INDEX(#REF!,MATCH($E162,#REF!,0)), IFERROR( INDEX('SETORES VARRIÇÃO'!$F:$F,MATCH($E162,'SETORES VARRIÇÃO'!$H:$H,0)), IFERROR( INDEX(#REF!,MATCH($E162,#REF!,0)), INDEX(#REF!,MATCH($E162,#REF!,0)) ))) -> Terça/Quinta/Sábado | G162: ON | H162: 0.64 | I162: 30/01/2026 09:44:53
A163: 46052 | B163: SMSUB-LUTOCAR-03-0067 | C163: =IFERROR( INDEX(#REF!,MATCH($E163,#REF!,0)), IFERROR( INDEX('SETORES VARRIÇÃO'!$A:$A,MATCH($E163,'SETORES VARRIÇÃO'!$H:$H,0)), IFERROR( INDEX(#REF!,MATCH($E163,#REF!,0)), INDEX(#REF!,MATCH($E163,#REF!,0)) ))) -> CV | D163: =IFERROR( INDEX(#REF!,MATCH($E163,#REF!,0)), IFERROR( INDEX('SETORES VARRIÇÃO'!$B:$B,MATCH($E163,'SETORES VARRIÇÃO'!$H:$H,0)), IFERROR( INDEX(#REF!,MATCH($E163,#REF!,0)), INDEX(#REF!,MATCH($E163,#REF!,0)) ))) -> CV10303VJ0021 | E163: =SUBSTITUTE(B163,"SMSUB-LUTOCAR-","") -> 03-0067 | F163: =IFERROR( INDEX(#REF!,MATCH($E163,#REF!,0)), IFERROR( INDEX('SETORES VARRIÇÃO'!$F:$F,MATCH($E163,'SETORES VARRIÇÃO'!$H:$H,0)), IFERROR( INDEX(#REF!,MATCH($E163,#REF!,0)), INDEX(#REF!,MATCH($E163,#REF!,0)) ))) -> Terça/Sexta | G163: ON | H163: 0.78 | I163: 30/01/2026 09:44:51
A164: 46052 | B164: SMSUB-LUTOCAR-03-0068 | C164: =IFERROR( INDEX(#REF!,MATCH($E164,#REF!,0)), IFERROR( INDEX('SETORES VARRIÇÃO'!$A:$A,MATCH($E164,'SETORES VARRIÇÃO'!$H:$H,0)), IFERROR( INDEX(#REF!,MATCH($E164,#REF!,0)), INDEX(#REF!,MATCH($E164,#REF!,0)) ))) -> JT | D164: =IFERROR( INDEX(#REF!,MATCH($E164,#REF!,0)), IFERROR( INDEX('SETORES VARRIÇÃO'!$B:$B,MATCH($E164,'SETORES VARRIÇÃO'!$H:$H,0)), IFERROR( INDEX(#REF!,MATCH($E164,#REF!,0)), INDEX(#REF!,MATCH($E164,#REF!,0)) ))) -> JT10302VJ0007 | E164: =SUBSTITUTE(B164,"SMSUB-LUTOCAR-","") -> 03-0068 | F164: =IFERROR( INDEX(#REF!,MATCH($E164,#REF!,0)), IFERROR( INDEX('SETORES VARRIÇÃO'!$F:$F,MATCH($E164,'SETORES VARRIÇÃO'!$H:$H,0)), IFERROR( INDEX(#REF!,MATCH($E164,#REF!,0)), INDEX(#REF!,MATCH($E164,#REF!,0)) ))) -> Segunda/Quinta | G164: ON | H164: 0.54 | I164: 30/01/2026 09:28:07
A165: 46052 | B165: SMSUB-LUTOCAR-03-0069 | C165: =IFERROR( INDEX(#REF!,MATCH($E165,#REF!,0)), IFERROR( INDEX('SETORES VARRIÇÃO'!$A:$A,MATCH($E165,'SETORES VARRIÇÃO'!$H:$H,0)), IFERROR( INDEX(#REF!,MATCH($E165,#REF!,0)), INDEX(#REF!,MATCH($E165,#REF!,0)) ))) -> MG | D165: =IFERROR( INDEX(#REF!,MATCH($E165,#REF!,0)), IFERROR( INDEX('SETORES VARRIÇÃO'!$B:$B,MATCH($E165,'SETORES VARRIÇÃO'!$H:$H,0)), IFERROR( INDEX(#REF!,MATCH($E165,#REF!,0)), INDEX(#REF!,MATCH($E165,#REF!,0)) ))) -> MG10101VJ0004 | E165: =SUBSTITUTE(B165,"SMSUB-LUTOCAR-","") -> 03-0069 | F165: =IFERROR( INDEX(#REF!,MATCH($E165,#REF!,0)), IFERROR( INDEX('SETORES VARRIÇÃO'!$F:$F,MATCH($E165,'SETORES VARRIÇÃO'!$H:$H,0)), IFERROR( INDEX(#REF!,MATCH($E165,#REF!,0)), INDEX(#REF!,MATCH($E165,#REF!,0)) ))) -> Segunda a Domingo | G165: ON | H165: 0.59 | I165: 30/01/2026 09:47:51
A166: 46052 | B166: SMSUB-LUTOCAR-03-0070 | C166: =IFERROR( INDEX(#REF!,MATCH($E166,#REF!,0)), IFERROR( INDEX('SETORES VARRIÇÃO'!$A:$A,MATCH($E166,'SETORES VARRIÇÃO'!$H:$H,0)), IFERROR( INDEX(#REF!,MATCH($E166,#REF!,0)), INDEX(#REF!,MATCH($E166,#REF!,0)) ))) -> CV | D166: =IFERROR( INDEX(#REF!,MATCH($E166,#REF!,0)), IFERROR( INDEX('SETORES VARRIÇÃO'!$B:$B,MATCH($E166,'SETORES VARRIÇÃO'!$H:$H,0)), IFERROR( INDEX(#REF!,MATCH($E166,#REF!,0)), INDEX(#REF!,MATCH($E166,#REF!,0)) ))) -> CV10302VJ0016 | E166: =SUBSTITUTE(B166,"SMSUB-LUTOCAR-","") -> 03-0070 | F166: =IFERROR( INDEX(#REF!,MATCH($E166,#REF!,0)), IFERROR( INDEX('SETORES VARRIÇÃO'!$F:$F,MATCH($E166,'SETORES VARRIÇÃO'!$H:$H,0)), IFERROR( INDEX(#REF!,MATCH($E166,#REF!,0)), INDEX(#REF!,MATCH($E166,#REF!,0)) ))) -> Segunda/Quinta | G166: ON | H166: 0.79 | I166: 30/01/2026 09:12:22
A167: 46052 | B167: SMSUB-LUTOCAR-03-0071 | C167: =IFERROR( INDEX(#REF!,MATCH($E167,#REF!,0)), IFERROR( INDEX('SETORES VARRIÇÃO'!$A:$A,MATCH($E167,'SETORES VARRIÇÃO'!$H:$H,0)), IFERROR( INDEX(#REF!,MATCH($E167,#REF!,0)), INDEX(#REF!,MATCH($E167,#REF!,0)) ))) -> CV | D167: =IFERROR( INDEX(#REF!,MATCH($E167,#REF!,0)), IFERROR( INDEX('SETORES VARRIÇÃO'!$B:$B,MATCH($E167,'SETORES VARRIÇÃO'!$H:$H,0)), IFERROR( INDEX(#REF!,MATCH($E167,#REF!,0)), INDEX(#REF!,MATCH($E167,#REF!,0)) ))) -> CV10203VJ0050 | E167: =SUBSTITUTE(B167,"SMSUB-LUTOCAR-","") -> 03-0071 | F167: =IFERROR( INDEX(#REF!,MATCH($E167,#REF!,0)), IFERROR( INDEX('SETORES VARRIÇÃO'!$F:$F,MATCH($E167,'SETORES VARRIÇÃO'!$H:$H,0)), IFERROR( INDEX(#REF!,MATCH($E167,#REF!,0)), INDEX(#REF!,MATCH($E167,#REF!,0)) ))) -> Terça/Quinta/Sábado | G167: OFF | H167: 54% (Bateria desatualizada) | I167: 13/12/2025 12:31:04
A168: 46052 | B168: SMSUB-LUTOCAR-03-0072 | C168: =IFERROR( INDEX(#REF!,MATCH($E168,#REF!,0)), IFERROR( INDEX('SETORES VARRIÇÃO'!$A:$A,MATCH($E168,'SETORES VARRIÇÃO'!$H:$H,0)), IFERROR( INDEX(#REF!,MATCH($E168,#REF!,0)), INDEX(#REF!,MATCH($E168,#REF!,0)) ))) -> MG | D168: =IFERROR( INDEX(#REF!,MATCH($E168,#REF!,0)), IFERROR( INDEX('SETORES VARRIÇÃO'!$B:$B,MATCH($E168,'SETORES VARRIÇÃO'!$H:$H,0)), IFERROR( INDEX(#REF!,MATCH($E168,#REF!,0)), INDEX(#REF!,MATCH($E168,#REF!,0)) ))) -> MG10101VJ0011 | E168: =SUBSTITUTE(B168,"SMSUB-LUTOCAR-","") -> 03-0072 | F168: =IFERROR( INDEX(#REF!,MATCH($E168,#REF!,0)), IFERROR( INDEX('SETORES VARRIÇÃO'!$F:$F,MATCH($E168,'SETORES VARRIÇÃO'!$H:$H,0)), IFERROR( INDEX(#REF!,MATCH($E168,#REF!,0)), INDEX(#REF!,MATCH($E168,#REF!,0)) ))) -> Segunda a Domingo | G168: ON | H168: 0.59 | I168: 30/01/2026 09:07:02
A169: 46052 | B169: SMSUB-LUTOCAR-03-0073 | C169: =IFERROR( INDEX(#REF!,MATCH($E169,#REF!,0)), IFERROR( INDEX('SETORES VARRIÇÃO'!$A:$A,MATCH($E169,'SETORES VARRIÇÃO'!$H:$H,0)), IFERROR( INDEX(#REF!,MATCH($E169,#REF!,0)), INDEX(#REF!,MATCH($E169,#REF!,0)) ))) -> CV | D169: =IFERROR( INDEX(#REF!,MATCH($E169,#REF!,0)), IFERROR( INDEX('SETORES VARRIÇÃO'!$B:$B,MATCH($E169,'SETORES VARRIÇÃO'!$H:$H,0)), IFERROR( INDEX(#REF!,MATCH($E169,#REF!,0)), INDEX(#REF!,MATCH($E169,#REF!,0)) ))) -> CV10303VJ0017 | E169: =SUBSTITUTE(B169,"SMSUB-LUTOCAR-","") -> 03-0073 | F169: =IFERROR( INDEX(#REF!,MATCH($E169,#REF!,0)), IFERROR( INDEX('SETORES VARRIÇÃO'!$F:$F,MATCH($E169,'SETORES VARRIÇÃO'!$H:$H,0)), IFERROR( INDEX(#REF!,MATCH($E169,#REF!,0)), INDEX(#REF!,MATCH($E169,#REF!,0)) ))) -> Terça/Sexta | G169: OFF | H169: 14% (Bateria desatualizada) | I169: 22/12/2025 16:47:32
A170: 46052 | B170: SMSUB-LUTOCAR-03-0074 | C170: =IFERROR( INDEX(#REF!,MATCH($E170,#REF!,0)), IFERROR( INDEX('SETORES VARRIÇÃO'!$A:$A,MATCH($E170,'SETORES VARRIÇÃO'!$H:$H,0)), IFERROR( INDEX(#REF!,MATCH($E170,#REF!,0)), INDEX(#REF!,MATCH($E170,#REF!,0)) ))) -> JT | D170: =IFERROR( INDEX(#REF!,MATCH($E170,#REF!,0)), IFERROR( INDEX('SETORES VARRIÇÃO'!$B:$B,MATCH($E170,'SETORES VARRIÇÃO'!$H:$H,0)), IFERROR( INDEX(#REF!,MATCH($E170,#REF!,0)), INDEX(#REF!,MATCH($E170,#REF!,0)) ))) -> JT10302VJ0008 | E170: =SUBSTITUTE(B170,"SMSUB-LUTOCAR-","") -> 03-0074 | F170: =IFERROR( INDEX(#REF!,MATCH($E170,#REF!,0)), IFERROR( INDEX('SETORES VARRIÇÃO'!$F:$F,MATCH($E170,'SETORES VARRIÇÃO'!$H:$H,0)), IFERROR( INDEX(#REF!,MATCH($E170,#REF!,0)), INDEX(#REF!,MATCH($E170,#REF!,0)) ))) -> Segunda/Quinta | G170: ON | H170: 0.84 | I170: 29/01/2026 14:32:45
A171: 46052 | B171: SMSUB-LUTOCAR-03-0075 | C171: =IFERROR( INDEX(#REF!,MATCH($E171,#REF!,0)), IFERROR( INDEX('SETORES VARRIÇÃO'!$A:$A,MATCH($E171,'SETORES VARRIÇÃO'!$H:$H,0)), IFERROR( INDEX(#REF!,MATCH($E171,#REF!,0)), INDEX(#REF!,MATCH($E171,#REF!,0)) ))) -> MG | D171: =IFERROR( INDEX(#REF!,MATCH($E171,#REF!,0)), IFERROR( INDEX('SETORES VARRIÇÃO'!$B:$B,MATCH($E171,'SETORES VARRIÇÃO'!$H:$H,0)), IFERROR( INDEX(#REF!,MATCH($E171,#REF!,0)), INDEX(#REF!,MATCH($E171,#REF!,0)) ))) -> MG10101VJ0010 | E171: =SUBSTITUTE(B171,"SMSUB-LUTOCAR-","") -> 03-0075 | F171: =IFERROR( INDEX(#REF!,MATCH($E171,#REF!,0)), IFERROR( INDEX('SETORES VARRIÇÃO'!$F:$F,MATCH($E171,'SETORES VARRIÇÃO'!$H:$H,0)), IFERROR( INDEX(#REF!,MATCH($E171,#REF!,0)), INDEX(#REF!,MATCH($E171,#REF!,0)) ))) -> Segunda a Domingo | G171: ON | H171: 0.74 | I171: 30/01/2026 09:44:00
A172: 46052 | B172: SMSUB-LUTOCAR-03-0076 | C172: =IFERROR( INDEX(#REF!,MATCH($E172,#REF!,0)), IFERROR( INDEX('SETORES VARRIÇÃO'!$A:$A,MATCH($E172,'SETORES VARRIÇÃO'!$H:$H,0)), IFERROR( INDEX(#REF!,MATCH($E172,#REF!,0)), INDEX(#REF!,MATCH($E172,#REF!,0)) ))) -> JT | D172: =IFERROR( INDEX(#REF!,MATCH($E172,#REF!,0)), IFERROR( INDEX('SETORES VARRIÇÃO'!$B:$B,MATCH($E172,'SETORES VARRIÇÃO'!$H:$H,0)), IFERROR( INDEX(#REF!,MATCH($E172,#REF!,0)), INDEX(#REF!,MATCH($E172,#REF!,0)) ))) -> JT10302VJ0057 | E172: =SUBSTITUTE(B172,"SMSUB-LUTOCAR-","") -> 03-0076 | F172: =IFERROR( INDEX(#REF!,MATCH($E172,#REF!,0)), IFERROR( INDEX('SETORES VARRIÇÃO'!$F:$F,MATCH($E172,'SETORES VARRIÇÃO'!$H:$H,0)), IFERROR( INDEX(#REF!,MATCH($E172,#REF!,0)), INDEX(#REF!,MATCH($E172,#REF!,0)) ))) -> Segunda/Quinta | G172: ON | H172: 0.69 | I172: 29/01/2026 11:58:07
A173: 46052 | B173: SMSUB-LUTOCAR-03-0077 | C173: =IFERROR( INDEX(#REF!,MATCH($E173,#REF!,0)), IFERROR( INDEX('SETORES VARRIÇÃO'!$A:$A,MATCH($E173,'SETORES VARRIÇÃO'!$H:$H,0)), IFERROR( INDEX(#REF!,MATCH($E173,#REF!,0)), INDEX(#REF!,MATCH($E173,#REF!,0)) ))) -> CV | D173: =IFERROR( INDEX(#REF!,MATCH($E173,#REF!,0)), IFERROR( INDEX('SETORES VARRIÇÃO'!$B:$B,MATCH($E173,'SETORES VARRIÇÃO'!$H:$H,0)), IFERROR( INDEX(#REF!,MATCH($E173,#REF!,0)), INDEX(#REF!,MATCH($E173,#REF!,0)) ))) -> CV10202VJ0034 | E173: =SUBSTITUTE(B173,"SMSUB-LUTOCAR-","") -> 03-0077 | F173: =IFERROR( INDEX(#REF!,MATCH($E173,#REF!,0)), IFERROR( INDEX('SETORES VARRIÇÃO'!$F:$F,MATCH($E173,'SETORES VARRIÇÃO'!$H:$H,0)), IFERROR( INDEX(#REF!,MATCH($E173,#REF!,0)), INDEX(#REF!,MATCH($E173,#REF!,0)) ))) -> Segunda/Quarta/Sexta | G173: ON | H173: 0.59 | I173: 30/01/2026 09:31:59
A174: 46052 | B174: SMSUB-LUTOCAR-03-0078 | C174: =IFERROR( INDEX(#REF!,MATCH($E174,#REF!,0)), IFERROR( INDEX('SETORES VARRIÇÃO'!$A:$A,MATCH($E174,'SETORES VARRIÇÃO'!$H:$H,0)), IFERROR( INDEX(#REF!,MATCH($E174,#REF!,0)), INDEX(#REF!,MATCH($E174,#REF!,0)) ))) -> CV | D174: =IFERROR( INDEX(#REF!,MATCH($E174,#REF!,0)), IFERROR( INDEX('SETORES VARRIÇÃO'!$B:$B,MATCH($E174,'SETORES VARRIÇÃO'!$H:$H,0)), IFERROR( INDEX(#REF!,MATCH($E174,#REF!,0)), INDEX(#REF!,MATCH($E174,#REF!,0)) ))) -> CV10303VJ0018 | E174: =SUBSTITUTE(B174,"SMSUB-LUTOCAR-","") -> 03-0078 | F174: =IFERROR( INDEX(#REF!,MATCH($E174,#REF!,0)), IFERROR( INDEX('SETORES VARRIÇÃO'!$F:$F,MATCH($E174,'SETORES VARRIÇÃO'!$H:$H,0)), IFERROR( INDEX(#REF!,MATCH($E174,#REF!,0)), INDEX(#REF!,MATCH($E174,#REF!,0)) ))) -> Terça/Sexta | G174: ON | H174: 0.73 | I174: 30/01/2026 09:23:15
A175: 46052 | B175: SMSUB-LUTOCAR-03-0079 | C175: =IFERROR( INDEX(#REF!,MATCH($E175,#REF!,0)), IFERROR( INDEX('SETORES VARRIÇÃO'!$A:$A,MATCH($E175,'SETORES VARRIÇÃO'!$H:$H,0)), IFERROR( INDEX(#REF!,MATCH($E175,#REF!,0)), INDEX(#REF!,MATCH($E175,#REF!,0)) ))) -> JT | D175: =IFERROR( INDEX(#REF!,MATCH($E175,#REF!,0)), IFERROR( INDEX('SETORES VARRIÇÃO'!$B:$B,MATCH($E175,'SETORES VARRIÇÃO'!$H:$H,0)), IFERROR( INDEX(#REF!,MATCH($E175,#REF!,0)), INDEX(#REF!,MATCH($E175,#REF!,0)) ))) -> JT10302VJ0009 | E175: =SUBSTITUTE(B175,"SMSUB-LUTOCAR-","") -> 03-0079 | F175: =IFERROR( INDEX(#REF!,MATCH($E175,#REF!,0)), IFERROR( INDEX('SETORES VARRIÇÃO'!$F:$F,MATCH($E175,'SETORES VARRIÇÃO'!$H:$H,0)), IFERROR( INDEX(#REF!,MATCH($E175,#REF!,0)), INDEX(#REF!,MATCH($E175,#REF!,0)) ))) -> Segunda/Quinta | G175: ON | H175: 0.84 | I175: 30/01/2026 09:28:07
A176: 46052 | B176: SMSUB-LUTOCAR-03-0080 | C176: =IFERROR( INDEX(#REF!,MATCH($E176,#REF!,0)), IFERROR( INDEX('SETORES VARRIÇÃO'!$A:$A,MATCH($E176,'SETORES VARRIÇÃO'!$H:$H,0)), IFERROR( INDEX(#REF!,MATCH($E176,#REF!,0)), INDEX(#REF!,MATCH($E176,#REF!,0)) ))) -> JT | D176: =IFERROR( INDEX(#REF!,MATCH($E176,#REF!,0)), IFERROR( INDEX('SETORES VARRIÇÃO'!$B:$B,MATCH($E176,'SETORES VARRIÇÃO'!$H:$H,0)), IFERROR( INDEX(#REF!,MATCH($E176,#REF!,0)), INDEX(#REF!,MATCH($E176,#REF!,0)) ))) -> JT10101VJ0004 | E176: =SUBSTITUTE(B176,"SMSUB-LUTOCAR-","") -> 03-0080 | F176: =IFERROR( INDEX(#REF!,MATCH($E176,#REF!,0)), IFERROR( INDEX('SETORES VARRIÇÃO'!$F:$F,MATCH($E176,'SETORES VARRIÇÃO'!$H:$H,0)), IFERROR( INDEX(#REF!,MATCH($E176,#REF!,0)), INDEX(#REF!,MATCH($E176,#REF!,0)) ))) -> Segunda a Domingo | G176: ON | H176: 0.44 | I176: 30/01/2026 09:47:05
A177: 46052 | B177: SMSUB-LUTOCAR-03-0081 | C177: =IFERROR( INDEX(#REF!,MATCH($E177,#REF!,0)), IFERROR( INDEX('SETORES VARRIÇÃO'!$A:$A,MATCH($E177,'SETORES VARRIÇÃO'!$H:$H,0)), IFERROR( INDEX(#REF!,MATCH($E177,#REF!,0)), INDEX(#REF!,MATCH($E177,#REF!,0)) ))) -> JT | D177: =IFERROR( INDEX(#REF!,MATCH($E177,#REF!,0)), IFERROR( INDEX('SETORES VARRIÇÃO'!$B:$B,MATCH($E177,'SETORES VARRIÇÃO'!$H:$H,0)), IFERROR( INDEX(#REF!,MATCH($E177,#REF!,0)), INDEX(#REF!,MATCH($E177,#REF!,0)) ))) -> JT10303VJ0027 | E177: =SUBSTITUTE(B177,"SMSUB-LUTOCAR-","") -> 03-0081 | F177: =IFERROR( INDEX(#REF!,MATCH($E177,#REF!,0)), IFERROR( INDEX('SETORES VARRIÇÃO'!$F:$F,MATCH($E177,'SETORES VARRIÇÃO'!$H:$H,0)), IFERROR( INDEX(#REF!,MATCH($E177,#REF!,0)), INDEX(#REF!,MATCH($E177,#REF!,0)) ))) -> Terça/Sexta | G177: ON | H177: 0.69 | I177: 30/01/2026 09:47:07
A178: 46052 | B178: SMSUB-LUTOCAR-03-0082 | C178: =IFERROR( INDEX(#REF!,MATCH($E178,#REF!,0)), IFERROR( INDEX('SETORES VARRIÇÃO'!$A:$A,MATCH($E178,'SETORES VARRIÇÃO'!$H:$H,0)), IFERROR( INDEX(#REF!,MATCH($E178,#REF!,0)), INDEX(#REF!,MATCH($E178,#REF!,0)) ))) -> CV | D178: =IFERROR( INDEX(#REF!,MATCH($E178,#REF!,0)), IFERROR( INDEX('SETORES VARRIÇÃO'!$B:$B,MATCH($E178,'SETORES VARRIÇÃO'!$H:$H,0)), IFERROR( INDEX(#REF!,MATCH($E178,#REF!,0)), INDEX(#REF!,MATCH($E178,#REF!,0)) ))) -> CV10202VJ0029 | E178: =SUBSTITUTE(B178,"SMSUB-LUTOCAR-","") -> 03-0082 | F178: =IFERROR( INDEX(#REF!,MATCH($E178,#REF!,0)), IFERROR( INDEX('SETORES VARRIÇÃO'!$F:$F,MATCH($E178,'SETORES VARRIÇÃO'!$H:$H,0)), IFERROR( INDEX(#REF!,MATCH($E178,#REF!,0)), INDEX(#REF!,MATCH($E178,#REF!,0)) ))) -> Segunda/Quarta/Sexta | G178: ON | H178: 0.59 | I178: 30/01/2026 09:44:50
A179: 46052 | B179: SMSUB-LUTOCAR-03-0083 | C179: =IFERROR( INDEX(#REF!,MATCH($E179,#REF!,0)), IFERROR( INDEX('SETORES VARRIÇÃO'!$A:$A,MATCH($E179,'SETORES VARRIÇÃO'!$H:$H,0)), IFERROR( INDEX(#REF!,MATCH($E179,#REF!,0)), INDEX(#REF!,MATCH($E179,#REF!,0)) ))) -> CV | D179: =IFERROR( INDEX(#REF!,MATCH($E179,#REF!,0)), IFERROR( INDEX('SETORES VARRIÇÃO'!$B:$B,MATCH($E179,'SETORES VARRIÇÃO'!$H:$H,0)), IFERROR( INDEX(#REF!,MATCH($E179,#REF!,0)), INDEX(#REF!,MATCH($E179,#REF!,0)) ))) -> CV10203VJ0063 | E179: =SUBSTITUTE(B179,"SMSUB-LUTOCAR-","") -> 03-0083 | F179: =IFERROR( INDEX(#REF!,MATCH($E179,#REF!,0)), IFERROR( INDEX('SETORES VARRIÇÃO'!$F:$F,MATCH($E179,'SETORES VARRIÇÃO'!$H:$H,0)), IFERROR( INDEX(#REF!,MATCH($E179,#REF!,0)), INDEX(#REF!,MATCH($E179,#REF!,0)) ))) -> Terça/Quinta/Sábado | G179: ON | H179: 0.67 | I179: 30/01/2026 09:41:16
A180: 46052 | B180: SMSUB-LUTOCAR-03-0084 | C180: =IFERROR( INDEX(#REF!,MATCH($E180,#REF!,0)), IFERROR( INDEX('SETORES VARRIÇÃO'!$A:$A,MATCH($E180,'SETORES VARRIÇÃO'!$H:$H,0)), IFERROR( INDEX(#REF!,MATCH($E180,#REF!,0)), INDEX(#REF!,MATCH($E180,#REF!,0)) ))) -> CV | D180: =IFERROR( INDEX(#REF!,MATCH($E180,#REF!,0)), IFERROR( INDEX('SETORES VARRIÇÃO'!$B:$B,MATCH($E180,'SETORES VARRIÇÃO'!$H:$H,0)), IFERROR( INDEX(#REF!,MATCH($E180,#REF!,0)), INDEX(#REF!,MATCH($E180,#REF!,0)) ))) -> CV10302VJ0011 | E180: =SUBSTITUTE(B180,"SMSUB-LUTOCAR-","") -> 03-0084 | F180: =IFERROR( INDEX(#REF!,MATCH($E180,#REF!,0)), IFERROR( INDEX('SETORES VARRIÇÃO'!$F:$F,MATCH($E180,'SETORES VARRIÇÃO'!$H:$H,0)), IFERROR( INDEX(#REF!,MATCH($E180,#REF!,0)), INDEX(#REF!,MATCH($E180,#REF!,0)) ))) -> Segunda/Quinta | G180: ON | H180: 0.85 | I180: 30/01/2026 09:35:30
A181: 46052 | B181: SMSUB-LUTOCAR-03-0085 | C181: =IFERROR( INDEX(#REF!,MATCH($E181,#REF!,0)), IFERROR( INDEX('SETORES VARRIÇÃO'!$A:$A,MATCH($E181,'SETORES VARRIÇÃO'!$H:$H,0)), IFERROR( INDEX(#REF!,MATCH($E181,#REF!,0)), INDEX(#REF!,MATCH($E181,#REF!,0)) ))) -> CV | D181: =IFERROR( INDEX(#REF!,MATCH($E181,#REF!,0)), IFERROR( INDEX('SETORES VARRIÇÃO'!$B:$B,MATCH($E181,'SETORES VARRIÇÃO'!$H:$H,0)), IFERROR( INDEX(#REF!,MATCH($E181,#REF!,0)), INDEX(#REF!,MATCH($E181,#REF!,0)) ))) -> CV10202VJ0036 | E181: =SUBSTITUTE(B181,"SMSUB-LUTOCAR-","") -> 03-0085 | F181: =IFERROR( INDEX(#REF!,MATCH($E181,#REF!,0)), IFERROR( INDEX('SETORES VARRIÇÃO'!$F:$F,MATCH($E181,'SETORES VARRIÇÃO'!$H:$H,0)), IFERROR( INDEX(#REF!,MATCH($E181,#REF!,0)), INDEX(#REF!,MATCH($E181,#REF!,0)) ))) -> Segunda/Quarta/Sexta | G181: ON | H181: 0.64 | I181: 30/01/2026 09:47:03
... A187: 46052 | B187: SMSUB-LUTOCAR-03-0091 | C187: =IFERROR( INDEX(#REF!,MATCH($E187,#REF!,0)), IFERROR( INDEX('SETORES VARRIÇÃO'!$A:$A,MATCH($E187,'SETORES VARRIÇÃO'!$H:$H,0)), IFERROR( INDEX(#REF!,MATCH($E187,#REF!,0)), INDEX(#REF!,MATCH($E187,#REF!,0)) ))) -> JT | D187: =IFERROR( INDEX(#REF!,MATCH($E187,#REF!,0)), IFERROR( INDEX('SETORES VARRIÇÃO'!$B:$B,MATCH($E187,'SETORES VARRIÇÃO'!$H:$H,0)), IFERROR( INDEX(#REF!,MATCH($E187,#REF!,0)), INDEX(#REF!,MATCH($E187,#REF!,0)) ))) -> JT10304VJ0044 | E187: =SUBSTITUTE(B187,"SMSUB-LUTOCAR-","") -> 03-0091 | F187: =IFERROR( INDEX(#REF!,MATCH($E187,#REF!,0)), IFERROR( INDEX('SETORES VARRIÇÃO'!$F:$F,MATCH($E187,'SETORES VARRIÇÃO'!$H:$H,0)), IFERROR( INDEX(#REF!,MATCH($E187,#REF!,0)), INDEX(#REF!,MATCH($E187,#REF!,0)) ))) -> Quarta/Sábado | G187: ON | H187: 0.81 | I187: 30/01/2026 09:38:02
A188: 46052 | B188: SMSUB-LUTOCAR-03-0092 | C188: =IFERROR( INDEX(#REF!,MATCH($E188,#REF!,0)), IFERROR( INDEX('SETORES VARRIÇÃO'!$A:$A,MATCH($E188,'SETORES VARRIÇÃO'!$H:$H,0)), IFERROR( INDEX(#REF!,MATCH($E188,#REF!,0)), INDEX(#REF!,MATCH($E188,#REF!,0)) ))) -> CV | D188: =IFERROR( INDEX(#REF!,MATCH($E188,#REF!,0)), IFERROR( INDEX('SETORES VARRIÇÃO'!$B:$B,MATCH($E188,'SETORES VARRIÇÃO'!$H:$H,0)), IFERROR( INDEX(#REF!,MATCH($E188,#REF!,0)), INDEX(#REF!,MATCH($E188,#REF!,0)) ))) -> CV10302VJ0012 | E188: =SUBSTITUTE(B188,"SMSUB-LUTOCAR-","") -> 03-0092 | F188: =IFERROR( INDEX(#REF!,MATCH($E188,#REF!,0)), IFERROR( INDEX('SETORES VARRIÇÃO'!$F:$F,MATCH($E188,'SETORES VARRIÇÃO'!$H:$H,0)), IFERROR( INDEX(#REF!,MATCH($E188,#REF!,0)), INDEX(#REF!,MATCH($E188,#REF!,0)) ))) -> Segunda/Quinta | G188: OFF | H188: 0% (Bateria desatualizada) | I188: 21/12/2025 05:55:46
A189: 46052 | B189: SMSUB-LUTOCAR-03-0093 | C189: =IFERROR( INDEX(#REF!,MATCH($E189,#REF!,0)), IFERROR( INDEX('SETORES VARRIÇÃO'!$A:$A,MATCH($E189,'SETORES VARRIÇÃO'!$H:$H,0)), IFERROR( INDEX(#REF!,MATCH($E189,#REF!,0)), INDEX(#REF!,MATCH($E189,#REF!,0)) ))) -> JT | D189: =IFERROR( INDEX(#REF!,MATCH($E189,#REF!,0)), IFERROR( INDEX('SETORES VARRIÇÃO'!$B:$B,MATCH($E189,'SETORES VARRIÇÃO'!$H:$H,0)), IFERROR( INDEX(#REF!,MATCH($E189,#REF!,0)), INDEX(#REF!,MATCH($E189,#REF!,0)) ))) -> JT10302VJ0017 | E189: =SUBSTITUTE(B189,"SMSUB-LUTOCAR-","") -> 03-0093 | F189: =IFERROR( INDEX(#REF!,MATCH($E189,#REF!,0)), IFERROR( INDEX('SETORES VARRIÇÃO'!$F:$F,MATCH($E189,'SETORES VARRIÇÃO'!$H:$H,0)), IFERROR( INDEX(#REF!,MATCH($E189,#REF!,0)), INDEX(#REF!,MATCH($E189,#REF!,0)) ))) -> Segunda/Quinta | G189: ON | H189: 0.59 | I189: 30/01/2026 09:08:04
A190: 46052 | B190: SMSUB-LUTOCAR-03-0094 | C190: =IFERROR( INDEX(#REF!,MATCH($E190,#REF!,0)), IFERROR( INDEX('SETORES VARRIÇÃO'!$A:$A,MATCH($E190,'SETORES VARRIÇÃO'!$H:$H,0)), IFERROR( INDEX(#REF!,MATCH($E190,#REF!,0)), INDEX(#REF!,MATCH($E190,#REF!,0)) ))) -> JT | D190: =IFERROR( INDEX(#REF!,MATCH($E190,#REF!,0)), IFERROR( INDEX('SETORES VARRIÇÃO'!$B:$B,MATCH($E190,'SETORES VARRIÇÃO'!$H:$H,0)), IFERROR( INDEX(#REF!,MATCH($E190,#REF!,0)), INDEX(#REF!,MATCH($E190,#REF!,0)) ))) -> JT10303VJ0024 | E190: =SUBSTITUTE(B190,"SMSUB-LUTOCAR-","") -> 03-0094 | F190: =IFERROR( INDEX(#REF!,MATCH($E190,#REF!,0)), IFERROR( INDEX('SETORES VARRIÇÃO'!$F:$F,MATCH($E190,'SETORES VARRIÇÃO'!$H:$H,0)), IFERROR( INDEX(#REF!,MATCH($E190,#REF!,0)), INDEX(#REF!,MATCH($E190,#REF!,0)) ))) -> Terça/Sexta | G190: ON | H190: 0.84 | I190: 30/01/2026 09:46:15
A191: 46052 | B191: SMSUB-LUTOCAR-03-0095 | C191: =IFERROR( INDEX(#REF!,MATCH($E191,#REF!,0)), IFERROR( INDEX('SETORES VARRIÇÃO'!$A:$A,MATCH($E191,'SETORES VARRIÇÃO'!$H:$H,0)), IFERROR( INDEX(#REF!,MATCH($E191,#REF!,0)), INDEX(#REF!,MATCH($E191,#REF!,0)) ))) -> JT | D191: =IFERROR( INDEX(#REF!,MATCH($E191,#REF!,0)), IFERROR( INDEX('SETORES VARRIÇÃO'!$B:$B,MATCH($E191,'SETORES VARRIÇÃO'!$H:$H,0)), IFERROR( INDEX(#REF!,MATCH($E191,#REF!,0)), INDEX(#REF!,MATCH($E191,#REF!,0)) ))) -> JT10304VJ0042 | E191: =SUBSTITUTE(B191,"SMSUB-LUTOCAR-","") -> 03-0095 | F191: =IFERROR( INDEX(#REF!,MATCH($E191,#REF!,0)), IFERROR( INDEX('SETORES VARRIÇÃO'!$F:$F,MATCH($E191,'SETORES VARRIÇÃO'!$H:$H,0)), IFERROR( INDEX(#REF!,MATCH($E191,#REF!,0)), INDEX(#REF!,MATCH($E191,#REF!,0)) ))) -> Quarta/Sábado | G191: OFF | H191: 0% (Bateria desatualizada) | I191: 28/01/2026 12:40:58
A192: 46052 | B192: SMSUB-LUTOCAR-03-0096 | C192: =IFERROR( INDEX(#REF!,MATCH($E192,#REF!,0)), IFERROR( INDEX('SETORES VARRIÇÃO'!$A:$A,MATCH($E192,'SETORES VARRIÇÃO'!$H:$H,0)), IFERROR( INDEX(#REF!,MATCH($E192,#REF!,0)), INDEX(#REF!,MATCH($E192,#REF!,0)) ))) -> CV | D192: =IFERROR( INDEX(#REF!,MATCH($E192,#REF!,0)), IFERROR( INDEX('SETORES VARRIÇÃO'!$B:$B,MATCH($E192,'SETORES VARRIÇÃO'!$H:$H,0)), IFERROR( INDEX(#REF!,MATCH($E192,#REF!,0)), INDEX(#REF!,MATCH($E192,#REF!,0)) ))) -> CV10101VJ0007 | E192: =SUBSTITUTE(B192,"SMSUB-LUTOCAR-","") -> 03-0096 | F192: =IFERROR( INDEX(#REF!,MATCH($E192,#REF!,0)), IFERROR( INDEX('SETORES VARRIÇÃO'!$F:$F,MATCH($E192,'SETORES VARRIÇÃO'!$H:$H,0)), IFERROR( INDEX(#REF!,MATCH($E192,#REF!,0)), INDEX(#REF!,MATCH($E192,#REF!,0)) ))) -> Segunda a Domingo | G192: ON | H192: 0.64 | I192: 30/01/2026 09:47:12
...

Sheet TROCAS SELIMP
A1: DATA | B1: MOTIVO DA TROCA | C1: SETORES CV | D1: SETORES JT | E1: SETORES MG | F1: SETORES ST | G1: SINAL | H1: BATERIA | I1: STATUS
A2: 46009 | B2: CORRETIVA | D2: JT10203VJ0055 | G2: 46009 | I2: =IF(G2="","",IF(G2=A2,"ATUALIZADA","DESATUALIZADA")) -> ATUALIZADA
A3: 46010 | B3: CORRETIVA | E3: MG10101VJ0002 | G3: 46010 | I3: =IF(G3="","",IF(G3=A3,"ATUALIZADA","DESATUALIZADA")) -> ATUALIZADA
A4: 46010 | B4: CORRETIVA | E4: MG10101VJ0012 | G4: 46010 | I4: =IF(G4="","",IF(G4=A4,"ATUALIZADA","DESATUALIZADA")) -> ATUALIZADA
A5: 46010 | B5: CORRETIVA | E5: MG10101VJ0011 | G5: 46010 | I5: =IF(G5="","",IF(G5=A5,"ATUALIZADA","DESATUALIZADA")) -> ATUALIZADA
A6: 46010 | B6: CORRETIVA | E6: MG10101VJ0013 | G6: 46010 | I6: =IF(G6="","",IF(G6=A6,"ATUALIZADA","DESATUALIZADA")) -> ATUALIZADA
A7: 46010 | B7: CORRETIVA | E7: MG10101VJ0007 | G7: 46010 | I7: =IF(G7="","",IF(G7=A7,"ATUALIZADA","DESATUALIZADA")) -> ATUALIZADA
A8: 46010 | B8: CORRETIVA | E8: MG10101VJ0009 | G8: 46010 | I8: =IF(G8="","",IF(G8=A8,"ATUALIZADA","DESATUALIZADA")) -> ATUALIZADA
A9: 46010 | B9: CORRETIVA | E9: MG10101VJ0004 | G9: 46010 | I9: =IF(G9="","",IF(G9=A9,"ATUALIZADA","DESATUALIZADA")) -> ATUALIZADA
A10: 46011 | B10: CORRETIVA | C10: CV10203VJ0056 | G10: 46011 | I10: =IF(G10="","",IF(G10=A10,"ATUALIZADA","DESATUALIZADA")) -> ATUALIZADA
A11: 46011 | B11: CORRETIVA | C11: CV10203VJ0053 | G11: 46011 | I11: =IF(G11="","",IF(G11=A11,"ATUALIZADA","DESATUALIZADA")) -> ATUALIZADA
A12: 46011 | B12: CORRETIVA | C12: CV10203VJ0052 | G12: 46011 | I12: =IF(G12="","",IF(G12=A12,"ATUALIZADA","DESATUALIZADA")) -> ATUALIZADA
A13: 46011 | B13: CORRETIVA | C13: CV10304VJ0026 | G13: 45993 | I13: =IF(G13="","",IF(G13=A13,"ATUALIZADA","DESATUALIZADA")) -> DESATUALIZADA
A14: 46011 | B14: CORRETIVA | C14: CV10304VJ0023 | G14: 45994 | I14: =IF(G14="","",IF(G14=A14,"ATUALIZADA","DESATUALIZADA")) -> DESATUALIZADA
A15: 46013 | B15: CORRETIVA | C15: CV10202VJ0034 | G15: 46013 | I15: =IF(G15="","",IF(G15=A15,"ATUALIZADA","DESATUALIZADA")) -> ATUALIZADA
A16: 46013 | B16: CORRETIVA | C16: CV10202VJ0045 | G16: 46013 | I16: =IF(G16="","",IF(G16=A16,"ATUALIZADA","DESATUALIZADA")) -> ATUALIZADA
A17: 46013 | B17: CORRETIVA | C17: CV10202VJ0029 | G17: 46013 | I17: =IF(G17="","",IF(G17=A17,"ATUALIZADA","DESATUALIZADA")) -> ATUALIZADA
A18: 46013 | B18: CORRETIVA | C18: CV10202VJ0030 | G18: 46013 | I18: =IF(G18="","",IF(G18=A18,"ATUALIZADA","DESATUALIZADA")) -> ATUALIZADA
A19: 46013 | B19: CORRETIVA | C19: CV10202VJ0035 | G19: 46013 | I19: =IF(G19="","",IF(G19=A19,"ATUALIZADA","DESATUALIZADA")) -> ATUALIZADA
A20: 46013 | B20: CORRETIVA | C20: CV10202VJ0041 | G20: 46013 | I20: =IF(G20="","",IF(G20=A20,"ATUALIZADA","DESATUALIZADA")) -> ATUALIZADA
A21: 46014 | B21: CORRETIVA | C21: CV10202VJ0046 | G21: 46014 | I21: =IF(G21="","",IF(G21=A21,"ATUALIZADA","DESATUALIZADA")) -> ATUALIZADA
... A24: 46017 | B24: CORRETIVA | C24: CV10303VJ0022 | G24: 45998 | I24: =IF(G24="","",IF(G24=A24,"ATUALIZADA","DESATUALIZADA")) -> DESATUALIZADA
A25: 46018 | B25: CORRETIVA | D25: JT10304VJ0038 | G25: 46018 | I25: =IF(G25="","",IF(G25=A25,"ATUALIZADA","DESATUALIZADA")) -> ATUALIZADA
A26: 46018 | B26: CORRETIVA | D26: JT10304VJ0041 | G26: 46018 | I26: =IF(G26="","",IF(G26=A26,"ATUALIZADA","DESATUALIZADA")) -> ATUALIZADA
A27: 46021 | B27: CORRETIVA | D27: JT10303VJ0024 | G27: 46021 | I27: =IF(G27="","",IF(G27=A27,"ATUALIZADA","DESATUALIZADA")) -> ATUALIZADA
A28: 46021 | B28: CORRETIVA | D28: JT10303VJ0025 | G28: 45997 | I28: =IF(G28="","",IF(G28=A28,"ATUALIZADA","DESATUALIZADA")) -> DESATUALIZADA
A29: 46021 | B29: CORRETIVA | D29: JT10303VJ0026 | G29: 46021 | I29: =IF(G29="","",IF(G29=A29,"ATUALIZADA","DESATUALIZADA")) -> ATUALIZADA
A30: 46021 | B30: CORRETIVA | D30: JT10303VJ0029 | G30: 46021 | I30: =IF(G30="","",IF(G30=A30,"ATUALIZADA","DESATUALIZADA")) -> ATUALIZADA
A31: 46024 | B31: CORRETIVA | D31: JT10304VJ0036 | G31: 46024 | I31: =IF(G31="","",IF(G31=A31,"ATUALIZADA","DESATUALIZADA")) -> ATUALIZADA
A32: 46024 | B32: CORRETIVA | D32: JT10202VJ0056 | G32: 46024 | I32: =IF(G32="","",IF(G32=A32,"ATUALIZADA","DESATUALIZADA")) -> ATUALIZADA
A33: 46025 | B33: CORRETIVA | D33: JT10304VJ0059 | G33: 46025 | I33: =IF(G33="","",IF(G33=A33,"ATUALIZADA","DESATUALIZADA")) -> ATUALIZADA
A34: 46025 | B34: CORRETIVA | D34: JT10304VJ0047 | G34: 46025 | I34: =IF(G34="","",IF(G34=A34,"ATUALIZADA","DESATUALIZADA")) -> ATUALIZADA
A35: 46027 | B35: CORRETIVA | D35: JT10302VJ0005 | G35: 46027 | I35: =IF(G35="","",IF(G35=A35,"ATUALIZADA","DESATUALIZADA")) -> ATUALIZADA
A36: 46027 | B36: CORRETIVA | D36: JT10302VJ0011 | G36: 46027 | I36: =IF(G36="","",IF(G36=A36,"ATUALIZADA","DESATUALIZADA")) -> ATUALIZADA
A37: 46028 | B37: CORRETIVA | D37: JT10101VL0001 | G37: 46028 | I37: =IF(G37="","",IF(G37=A37,"ATUALIZADA","DESATUALIZADA")) -> ATUALIZADA
A38: 46028 | B38: CORRETIVA | E38: MG10101VJ0005 | G38: 46028 | I38: =IF(G38="","",IF(G38=A38,"ATUALIZADA","DESATUALIZADA")) -> ATUALIZADA
A39: 46028 | B39: CORRETIVA | E39: MG10101VJ0007 | G39: 46028 | I39: =IF(G39="","",IF(G39=A39,"ATUALIZADA","DESATUALIZADA")) -> ATUALIZADA
A40: 46028 | B40: CORRETIVA | E40: MG10101VJ0003 | G40: 46028 | I40: =IF(G40="","",IF(G40=A40,"ATUALIZADA","DESATUALIZADA")) -> ATUALIZADA
A41: 46030 | B41: CORRETIVA | D41: JT10302VJ0016 | G41: 46030 | I41: =IF(G41="","",IF(G41=A41,"ATUALIZADA","DESATUALIZADA")) -> ATUALIZADA
A42: 46030 | B42: CORRETIVA | D42: JT10302VJ0020 | G42: 46030 | I42: =IF(G42="","",IF(G42=A42,"ATUALIZADA","DESATUALIZADA")) -> ATUALIZADA
A43: 46030 | B43: CORRETIVA | D43: JT10302VJ0019 | G43: 46030 | I43: =IF(G43="","",IF(G43=A43,"ATUALIZADA","DESATUALIZADA")) -> ATUALIZADA
A44: 46030 | B44: CORRETIVA | D44: JT10302VJ0007 | G44: 46030 | I44: =IF(G44="","",IF(G44=A44,"ATUALIZADA","DESATUALIZADA")) -> ATUALIZADA
A45: 46031 | B45: CORRETIVA | E45: MG10101VJ0013 | G45: 46031 | I45: =IF(G45="","",IF(G45=A45,"ATUALIZADA","DESATUALIZADA")) -> ATUALIZADA
A46: 46031 | B46: CORRETIVA | E46: MG10101VJ0010 | G46: 46031 | I46: =IF(G46="","",IF(G46=A46,"ATUALIZADA","DESATUALIZADA")) -> ATUALIZADA
A47: 46031 | B47: CORRETIVA | E47: MG10101VJ0006 | G47: 46031 | I47: =IF(G47="","",IF(G47=A47,"ATUALIZADA","DESATUALIZADA")) -> ATUALIZADA
A48: 46041 | B48: CORRETIVA | C48: CV10101VL0001 | G48: 46041 | I48: =IF(G48="","",IF(G48=A48,"ATUALIZADA","DESATUALIZADA")) -> ATUALIZADA
A49: 46041 | B49: CORRETIVA | C49: CV10101VJ0002 | G49: 46041 | I49: =IF(G49="","",IF(G49=A49,"ATUALIZADA","DESATUALIZADA")) -> ATUALIZADA
A50: 46041 | B50: CORRETIVA | C50: CV10101VJ0001 | G50: 46041 | I50: =IF(G50="","",IF(G50=A50,"ATUALIZADA","DESATUALIZADA")) -> ATUALIZADA
A51: 46041 | B51: CORRETIVA | C51: CV10101VJ0004 | G51: 46041 | I51: =IF(G51="","",IF(G51=A51,"ATUALIZADA","DESATUALIZADA")) -> ATUALIZADA
A52: 46041 | B52: CORRETIVA | C52: CV10101VJ0009 | G52: 46041 | I52: =IF(G52="","",IF(G52=A52,"ATUALIZADA","DESATUALIZADA")) -> ATUALIZADA
A53: 46041 | B53: CORRETIVA | C53: CV10101VJ0007 | G53: 46041 | I53: =IF(G53="","",IF(G53=A53,"ATUALIZADA","DESATUALIZADA")) -> ATUALIZADA
A54: 46041 | B54: CORRETIVA | C54: CV10101VJ0008 | G54: 46041 | I54: =IF(G54="","",IF(G54=A54,"ATUALIZADA","DESATUALIZADA")) -> ATUALIZADA
A55: 46041 | B55: CORRETIVA | C55: CV10102VJ0010 | G55: 46041 | I55: =IF(G55="","",IF(G55=A55,"ATUALIZADA","DESATUALIZADA")) -> ATUALIZADA
A56: 46041 | B56: CORRETIVA | C56: CV10101VJ0005 | G56: 46041 | I56: =IF(G56="","",IF(G56=A56,"ATUALIZADA","DESATUALIZADA")) -> ATUALIZADA
A57: 46041 | B57: CORRETIVA | C57: CV10101VJ0006 | G57: 46032 | I57: =IF(G57="","",IF(G57=A57,"ATUALIZADA","DESATUALIZADA")) -> DESATUALIZADA
A58: 46041 | B58: CORRETIVA | C58: CV10202VJ0037 | G58: 46041 | I58: =IF(G58="","",IF(G58=A58,"ATUALIZADA","DESATUALIZADA")) -> ATUALIZADA
A59: 46041 | B59: CORRETIVA | C59: CV10202VJ0044 | G59: 46041 | I59: =IF(G59="","",IF(G59=A59,"ATUALIZADA","DESATUALIZADA")) -> ATUALIZADA
A60: 46041 | B60: CORRETIVA | E60: MG10101VJ0004 | G60: 46041 | I60: =IF(G60="","",IF(G60=A60,"ATUALIZADA","DESATUALIZADA")) -> ATUALIZADA
A61: 46041 | B61: CORRETIVA | E61: MG10101VJ0005 | G61: 46041 | I61: =IF(G61="","",IF(G61=A61,"ATUALIZADA","DESATUALIZADA")) -> ATUALIZADA
A62: 46041 | B62: CORRETIVA | E62: MG10101VJ0006 | G62: 46041 | I62: =IF(G62="","",IF(G62=A62,"ATUALIZADA","DESATUALIZADA")) -> ATUALIZADA
A63: 46042 | B63: CORRETIVA | C63: CV10203VJ0053 | G63: 46042 | I63: =IF(G63="","",IF(G63=A63,"ATUALIZADA","DESATUALIZADA")) -> ATUALIZADA
A64: 46042 | B64: CORRETIVA | C64: CV10203VJ0055 | G64: 46042 | I64: =IF(G64="","",IF(G64=A64,"ATUALIZADA","DESATUALIZADA")) -> ATUALIZADA
A65: 46042 | B65: CORRETIVA | C65: CV10203VJ0056 | G65: 46042 | I65: =IF(G65="","",IF(G65=A65,"ATUALIZADA","DESATUALIZADA")) -> ATUALIZADA
A66: 46042 | B66: CORRETIVA | C66: CV10203VJ0057 | G66: 46042 | I66: =IF(G66="","",IF(G66=A66,"ATUALIZADA","DESATUALIZADA")) -> ATUALIZADA
A67: 46042 | B67: CORRETIVA | C67: CV10203VJ0051 | G67: 46042 | I67: =IF(G67="","",IF(G67=A67,"ATUALIZADA","DESATUALIZADA")) -> ATUALIZADA
A68: 46042 | B68: CORRETIVA | C68: CV10203VJ0047 | G68: 46042 | I68: =IF(G68="","",IF(G68=A68,"ATUALIZADA","DESATUALIZADA")) -> ATUALIZADA
A69: 46042 | B69: CORRETIVA | C69: CV10203VJ0060 | G69: 46042 | I69: =IF(G69="","",IF(G69=A69,"ATUALIZADA","DESATUALIZADA")) -> ATUALIZADA
A70: 46042 | B70: CORRETIVA | C70: CV10203VJ0061 | G70: 46042 | I70: =IF(G70="","",IF(G70=A70,"ATUALIZADA","DESATUALIZADA")) -> ATUALIZADA
A71: 46042 | B71: CORRETIVA | C71: CV10203VJ0062 | G71: 46042 | I71: =IF(G71="","",IF(G71=A71,"ATUALIZADA","DESATUALIZADA")) -> ATUALIZADA
A72: 46042 | B72: CORRETIVA | C72: CV10203VJ0063 | G72: 46042 | I72: =IF(G72="","",IF(G72=A72,"ATUALIZADA","DESATUALIZADA")) -> ATUALIZADA
A73: 46042 | B73: CORRETIVA | C73: CV10203VJ0064 | G73: 46042 | I73: =IF(G73="","",IF(G73=A73,"ATUALIZADA","DESATUALIZADA")) -> ATUALIZADA
A74: 46042 | B74: CORRETIVA | C74: CV10303VJ0019 | G74: 46042 | I74: =IF(G74="","",IF(G74=A74,"ATUALIZADA","DESATUALIZADA")) -> ATUALIZADA
A75: 46042 | B75: CORRETIVA | E75: MG10101VJ0001 | G75: 46042 | I75: =IF(G75="","",IF(G75=A75,"ATUALIZADA","DESATUALIZADA")) -> ATUALIZADA
A76: 46042 | B76: CORRETIVA | E76: MG10101VJ0002 | G76: 46042 | I76: =IF(G76="","",IF(G76=A76,"ATUALIZADA","DESATUALIZADA")) -> ATUALIZADA
A77: 46042 | B77: CORRETIVA | E77: MG10101VL0001 | G77: 46042 | I77: =IF(G77="","",IF(G77=A77,"ATUALIZADA","DESATUALIZADA")) -> ATUALIZADA
A78: 46043 | B78: CORRETIVA | D78: JT10102VJ0003 | G78: 46043 | I78: =IF(G78="","",IF(G78=A78,"ATUALIZADA","DESATUALIZADA")) -> ATUALIZADA
A79: 46043 | B79: CORRETIVA | D79: JT20102VJ0003 | G79: 46043 | I79: =IF(G79="","",IF(G79=A79,"ATUALIZADA","DESATUALIZADA")) -> ATUALIZADA
A80: 46043 | B80: CORRETIVA | D80: JT10101VL0002 | G80: 46043 | I80: =IF(G80="","",IF(G80=A80,"ATUALIZADA","DESATUALIZADA")) -> ATUALIZADA
A81: 46043 | B81: CORRETIVA | D81: JT10101VJ0004 | G81: 46043 | I81: =IF(G81="","",IF(G81=A81,"ATUALIZADA","DESATUALIZADA")) -> ATUALIZADA
A82: 46043 | B82: CORRETIVA | D82: JT10101VL0001 | G82: 46043 | I82: =IF(G82="","",IF(G82=A82,"ATUALIZADA","DESATUALIZADA")) -> ATUALIZADA
A83: 46043 | B83: CORRETIVA | D83: JT10102VJ0002 | G83: 46043 | I83: =IF(G83="","",IF(G83=A83,"ATUALIZADA","DESATUALIZADA")) -> ATUALIZADA
A84: 46043 | B84: CORRETIVA | D84: JT20102VJ0002 | G84: 46043 | I84: =IF(G84="","",IF(G84=A84,"ATUALIZADA","DESATUALIZADA")) -> ATUALIZADA
A85: 46043 | B85: CORRETIVA | D85: JT10102VJ0001 | G85: 46043 | I85: =IF(G85="","",IF(G85=A85,"ATUALIZADA","DESATUALIZADA")) -> ATUALIZADA
A86: 46043 | B86: CORRETIVA | D86: JT20102VJ0001 | G86: 46043 | I86: =IF(G86="","",IF(G86=A86,"ATUALIZADA","DESATUALIZADA")) -> ATUALIZADA
A87: 46043 | B87: CORRETIVA | D87: JT10304VJ0038 | G87: 46043 | I87: =IF(G87="","",IF(G87=A87,"ATUALIZADA","DESATUALIZADA")) -> ATUALIZADA
A88: 46043 | B88: CORRETIVA | D88: JT10304VJ0039 | G88: 46043 | I88: =IF(G88="","",IF(G88=A88,"ATUALIZADA","DESATUALIZADA")) -> ATUALIZADA
A89: 46043 | B89: CORRETIVA | D89: JT10304VJ0047 | G89: 46043 | I89: =IF(G89="","",IF(G89=A89,"ATUALIZADA","DESATUALIZADA")) -> ATUALIZADA
... A121: 46045 | B121: CORRETIVA | D121: JT10303VJ0033 | G121: 46045 | I121: =IF(G121="","",IF(G121=A121,"ATUALIZADA","DESATUALIZADA")) -> ATUALIZADA
A122: 46045 | B122: CORRETIVA | E122: MG10101VJ0008 | G122: 46045 | I122: =IF(G122="","",IF(G122=A122,"ATUALIZADA","DESATUALIZADA")) -> ATUALIZADA
A123: 46045 | B123: CORRETIVA | E123: MG10101VJ0009 | G123: 46045 | I123: =IF(G123="","",IF(G123=A123,"ATUALIZADA","DESATUALIZADA")) -> ATUALIZADA
A124: 46045 | B124: CORRETIVA | E124: MG10101VJ0012 | G124: 46045 | I124: =IF(G124="","",IF(G124=A124,"ATUALIZADA","DESATUALIZADA")) -> ATUALIZADA
A125: 46045 | B125: CORRETIVA | E125: MG10101VJ0003 | G125: 46045 | I125: =IF(G125="","",IF(G125=A125,"ATUALIZADA","DESATUALIZADA")) -> ATUALIZADA
A126: 46045 | B126: CORRETIVA | E126: MG10101VJ0011 | G126: 46045 | I126: =IF(G126="","",IF(G126=A126,"ATUALIZADA","DESATUALIZADA")) -> ATUALIZADA
A127: 46045 | B127: CORRETIVA | E127: MG10101VJ0013 | G127: 46045 | I127: =IF(G127="","",IF(G127=A127,"ATUALIZADA","DESATUALIZADA")) -> ATUALIZADA
A128: 46046 | B128: CORRETIVA | D128: JT10304VJ0041 | G128: 46046 | I128: =IF(G128="","",IF(G128=A128,"ATUALIZADA","DESATUALIZADA")) -> ATUALIZADA
A129: 46046 | B129: CORRETIVA | D129: JT10304VJ0042 | G129: 46046 | I129: =IF(G129="","",IF(G129=A129,"ATUALIZADA","DESATUALIZADA")) -> ATUALIZADA
A130: 46046 | B130: CORRETIVA | D130: JT10304VJ0043 | G130: 46046 | I130: =IF(G130="","",IF(G130=A130,"ATUALIZADA","DESATUALIZADA")) -> ATUALIZADA
A131: 46046 | B131: CORRETIVA | D131: JT10304VJ0044 | G131: 46046 | I131: =IF(G131="","",IF(G131=A131,"ATUALIZADA","DESATUALIZADA")) -> ATUALIZADA
A132: 46046 | B132: CORRETIVA | D132: JT10304VJ0045 | G132: 46046 | I132: =IF(G132="","",IF(G132=A132,"ATUALIZADA","DESATUALIZADA")) -> ATUALIZADA
A133: 46046 | B133: CORRETIVA | D133: JT10304VJ0046 | G133: 46046 | I133: =IF(G133="","",IF(G133=A133,"ATUALIZADA","DESATUALIZADA")) -> ATUALIZADA
...

Sheet MANUTENÇÃO
A1: SUB | B1: SETOR | C1: STATUS ATUAL | D1: SELIMP | E1: EXECUÇÃO | F1: MOTIVO | G1: DATA COMUNICADO | H1: DATA MANUTENÇÃO | I1: ÚLTIMA COMUNICAÇÃO | J1: TROCAS APÓS PERCA | K1: TROCA 1 | L1: TROCA 2
A2: MG | B2: MG10101VJ0001 | C2: SINAL RECUPERADO | D2: 03-0124 | E2: Segunda a Domingo | F2: Bateria desatualizada após trocas | G2: 46063 | H2: 46077 | I2: 46043 | J2: =COUNT(K2:L2) -> 2 | K2: 46056 | L2: 46063
A3: JT | B3: JT20101VJ0003 | C3: SINAL RECUPERADO | D3: 03-0059 | E3: Segunda a Domingo | F3: Bateria desatualizada após trocas | G3: 46084 | H3: 46099 | I3: 46066 | J3: =COUNT(K3:L3) -> 2 | K3: 46076 | L3: 46083
A4: JT | B4: JT10303VJ0021 | C4: SINAL RECUPERADO | D4: 03-0137 | E4: Terça/Sexta | F4: Bateria desatualizada após trocas | G4: 46063 | H4: 46084 | I4: 46050 | J4: =COUNT(K4:L4) -> 2 | K4: 46056 | L4: 46063
A5: JT | B5: JT10303VJ0025 | C5: SINAL RECUPERADO | D5: 03-0002 | E5: Terça/Sexta | F5: Bateria desatualizada após trocas | G5: 46063 | H5: 46084 | I5: 45997 | J5: =COUNT(K5:L5) -> 2 | K5: 46045 | L5: 46056
A6: CV | B6: CV10203VJ0050 | C6: SINAL RECUPERADO | D6: 03-0071 | E6: Terça/Quinta/Sábado | F6: Bateria desatualizada após trocas | G6: 46063 | H6: 46084 | I6: 46004 | J6: =COUNT(K6:L6) -> 2 | K6: 46056 | L6: 46063
A7: CV | B7: CV10202VJ0032 | C7: SINAL RECUPERADO | D7: 03-0056 | E7: Segunda/Quarta/Sexta | F7: Bateria desatualizada após trocas | G7: 46084 | H7: 46099 | I7: 46055 | J7: =COUNT(K7:L7) -> 2 | K7: 46069 | L7: 46073
A8: CV | B8: CV10304VJ0024 | C8: SINAL RECUPERADO | D8: 03-0062 | E8: Quarta/Sábado | F8: Bateria desatualizada após trocas | G8: 46084 | H8: NÃO TEVE | I8: 46071 | J8: =COUNT(K8:L8) -> 2 | K8: 46074 | L8: 46083
A9: CV | B9: CV10304VJ0025 | C9: SINAL RECUPERADO | D9: 03-0003 | E9: Quarta/Sábado | F9: Sinal perdido e desatualizado para 2025 | G9: 46091 | H9: 46092 | I9: 45997 | J9: =COUNT(K9:L9) -> 0 | K9: NÃO TEVE | L9: NÃO TEVE
A10: JT | B10: JT10304VJ0048 | C10: SINAL RECUPERADO | D10: 03-0007 | E10: Quarta/Sábado | F10: Bateria travada no sistema | G10: ALINHADO POR LUCAS | H10: 46111 | I10: COMUNICAÇÃO OK | J10: =COUNT(K10:L10) -> 0 | K10: NÃO TEVE | L10: NÃO TEVE
A11: JT | B11: JT20101VJ0002 | C11: PENDENTE MANUTENÇÃO | D11: 03-0033 | E11: Segunda a Domingo | F11: Bateria desatualizada após trocas | G11: 46128 | I11: 46083 | J11: =COUNT(K11:L11) -> 2 | K11: 46092 | L11: 46099
A12: JT | B12: JT10303VJ0025 | C12: PENDENTE MANUTENÇÃO | D12: 03-0002 | E12: Terça/Sexta | F12: Bateria desatualizada após trocas | G12: 46128 | I12: 46097 | J12: =COUNT(K12:L12) -> 2 | K12: 46108 | L12: 46126
A13: JT | B13: JT10303VJ0021 | C13: EM ANÁLISE | D13: 03-0137 | E13: Terça/Sexta | J13: =COUNT(K13:L13) -> 1 | K13: 46119
A14: CV | B14: CV10303VJ0019 | C14: EM ANÁLISE | D14: 03-0061 | E14: Terça/Sexta | J14: =COUNT(K14:L14) -> 1 | K14: 46119
A15: MG | B15: MG10202VJ0031 | C15: EM ANÁLISE | D15: 03-0240 | E15: Segunda/Quarta/Sexta | J15: =COUNT(K15:L15) -> 1 | K15: 46122
A16: MG | B16: MG10202VJ0032 | C16: EM ANÁLISE | D16: 03-0233 | E16: Segunda/Quarta/Sexta | J16: =COUNT(K16:L16) -> 1 | K16: 46122
A17: MG | B17: MG10303VJ0019 | C17: EM ANÁLISE | D17: 03-0214 | E17: Terça/Sexta | J17: =COUNT(K17:L17) -> 1 | K17: 46122
A18: ST | B18: ST10101VJ0014 | C18: EM ANÁLISE | D18: 03-0196 | E18: Segunda a Domingo | J18: =COUNT(K18:L18) -> 1 | K18: 46122
A19: ST | B19: ST10101VJ0015 | C19: EM ANÁLISE | D19: 03-0244 | E19: Segunda a Domingo | J19: =COUNT(K19:L19) -> 1 | K19: 46122
A20: JT | B20: JT10303VJ0058 | C20: EM ANÁLISE | D20: 03-0111 | E20: Terça/Sexta | J20: =COUNT(K20:L20) -> 1 | K20: 46126
A21: ST | B21: ST10203VJ0080 | C21: EM ANÁLISE | D21: 03-0316 | E21: Terça/Quinta/Sábado | J21: =COUNT(K21:L21) -> 1 | K21: 46126
A22: CV | B22: CV10101VJ0006 | C22: EM ANÁLISE | D22: 03-0112 | E22: =VLOOKUP(B22,'SETORES VARRIÇÃO'!B:F,5,0) -> Segunda a Domingo | J22: =COUNT(K22:L22) -> 1 | K22: 46127
A23: CV | B23: CV10101VJ0007 | C23: EM ANÁLISE | D23: 03-0096 | E23: =VLOOKUP(B23,'SETORES VARRIÇÃO'!B:F,5,0) -> Segunda a Domingo | J23: =COUNT(K23:L23) -> 1 | K23: 46127
A24: MG | B24: MG10101VJ0009 | C24: EM ANÁLISE | D24: 03-0009 | E24: =VLOOKUP(B24,'SETORES VARRIÇÃO'!B:F,5,0) -> Segunda a Domingo | J24: =COUNT(K24:L24) -> 1 | K24: 46127
A25: MG | B25: MG10304VJ0022 | C25: EM ANÁLISE | D25: 03-0220 | E25: =VLOOKUP(B25,'SETORES VARRIÇÃO'!B:F,5,0) -> Quarta/Sábado | J25: =COUNT(K25:L25) -> 1 | K25: 46127
A26: ST | B26: ST10101VJ0004 | C26: EM ANÁLISE | D26: 03-0284 | E26: =VLOOKUP(B26,'SETORES VARRIÇÃO'!B:F,5,0) -> Segunda a Domingo | J26: =COUNT(K26:L26) -> 1 | K26: 46127
A27: MG | B27: MG10202VP0013/14 | C27: EM ANÁLISE | D27: 03-0157 | E27: Segunda/Quarta/Sexta | J27: =COUNT(K27:L27) -> 1 | K27: 46129
A28: MG | B28: MG10202VP0022/23 | C28: EM ANÁLISE | D28: 03-0164 | E28: Segunda/Quarta/Sexta | J28: =COUNT(K28:L28) -> 1 | K28: 46129
A29: MG | B29: MG10202VJ0042 | C29: EM ANÁLISE | D29: 03-0236 | E29: Segunda/Quarta/Sexta | J29: =COUNT(K29:L29) -> 1 | K29: 46129
A30: JT | B30: JT10302VJ0014 | C30: EM ANÁLISE | D30: 03-0110 | E30: Segunda/Quinta | J30: =COUNT(K30:L30) -> 1 | K30: 46132
A31: CV | B31: CV10101VP0004 | C31: EM ANÁLISE | D31: 03-0213 | E31: =VLOOKUP(B31,'SETORES PRAÇA'!B:F,5,0) -> Segunda a Sábado | J31: =COUNT(K31:L31) -> 1 | K31: 46127
A32: CV | B32: CV10101VP0005 | C32: EM ANÁLISE | D32: 03-0305 | E32: =VLOOKUP(B32,'SETORES PRAÇA'!B:F,5,0) -> Segunda a Sábado | J32: =COUNT(K32:L32) -> 1 | K32: 46127
A33: CV | B33: CV10202VP0011 | C33: EM ANÁLISE | D33: 03-0296 | E33: =VLOOKUP(B33,'SETORES PRAÇA'!B:F,5,0) -> Segunda/Quarta/Sexta | J33: =COUNT(K33:L33) -> 1 | K33: 46127
A34: MG | B34: MG10101VJ0005 | C34: EM ANÁLISE | D34: 03-0087 | E34: Segunda a Domingo | J34: =COUNT(K34:L34) -> 1 | K34: 46135
A35: MG | B35: MG10203VJ0047 | C35: EM ANÁLISE | D35: 03-0172 | E35: Terça/Quinta/Sábado | J35: =COUNT(K35:L35) -> 1 | K35: 46135
A36: ST | B36: ST10303VJ0047 | C36: EM ANÁLISE | D36: 03-0281 | E36: Terça/Sexta
A37: CV | B37: CV10203VJ0060 | C37: EM ANÁLISE | D37: 03-0099
A38: CV | B38: CV10203VJ0056 | C38: EM ANÁLISE | D38: 03-0022
A39: CV | B39: CV10202VJ0035 | C39: EM ANÁLISE | D39: 03-0097 | E39: Segunda/Quarta/Sexta
A40: CV | B40: CV10202VJ0044 | C40: EM ANÁLISE | D40: 03-0113 | E40: Segunda/Quarta/Sexta
A41: CV | B41: CV10202VJ0046 | C41: EM ANÁLISE | D41: 03-0107 | E41: Segunda/Quarta/Sexta
A42: CV | B42: CV10101VP0004 | C42: EM ANÁLISE | D42: 03-0213 | E42: Segunda a Sábado
A43: CV | B43: CV10202VP0011 | C43: EM ANÁLISE | D43: 03-0296 | E43: Segunda/Quarta/Sexta
A44: CV | B44: CV10101VP0005 | C44: EM ANÁLISE | D44: 03-0305 | E44: Segunda a Sábado
A45: ST | B45: ST10101VJ0014 | C45: EM ANÁLISE | D45: 03-0196 | E45: Segunda a Sábado
A46: ST | B46: ST10101VJ0005 | C46: EM ANÁLISE | D46: 03-0273 | E46: Segunda a Domingo
A47: ST | B47: ST10101VJ0006 | C47: EM ANÁLISE | D47: 03-0302 | E47: Segunda a Domingo
A48: ST | B48: ST10304VJ0067 | C48: EM ANÁLISE | D48: 03-0148 | E48: Quarta/Sábado
A50: SUB | B50: SETOR | C50: STATUS ATUAL | D50: SELIMP | E50: DIAS DE EXECUÇÃO | F50: MOTIVO | G50: DATA COMUNICADO | H50: DATA MANUTENÇÃO | I50: QUANT. CARGAS | J50: MÉDIA DIAS BATERIA
A51: CV | B51: CV10304VJ0023 | C51: PENDENTE MANUTENÇÃO | D51: 03-0044 | E51: Quarta/Sábado | F51: Duração de bateria abaixo do esperado | G51: 46120 | I51: 7 | J51: 1 DIA*
A52: CV | B52: CV10304VJ0026 | C52: PENDENTE MANUTENÇÃO | D52: 03-0020 | E52: Quarta/Sábado | F52: Duração de bateria abaixo do esperado | G52: 46120 | I52: 7 | J52: 1 DIA*
A53: CV | B53: CV10304VJ0027 | C53: PENDENTE MANUTENÇÃO | D53: 03-0010 | E53: Quarta/Sábado | F53: Duração de bateria abaixo do esperado | G53: 46120 | I53: 6 | J53: 1 DIA*
A54: CV | B54: CV10202VJ0030 | C54: PENDENTE MANUTENÇÃO | D54: 03-0038 | E54: Segunda/Quarta/Sexta | F54: Duração de bateria abaixo do esperado | G54: 46120 | I54: 6 | J54: 2 DIAS*
A55: CV | B55: CV10202VJ0031 | C55: PENDENTE MANUTENÇÃO | D55: 03-0136 | E55: Segunda/Quarta/Sexta | F55: Duração de bateria abaixo do esperado | G55: 46120 | I55: 6 | J55: 2 DIAS*
A56: CV | B56: CV10302VJ0013 | C56: PENDENTE MANUTENÇÃO | D56: 03-0065 | E56: Segunda/Quinta | F56: Duração de bateria abaixo do esperado | G56: 46120 | I56: 6 | J56: 1 DIA*
A57: CV | B57: CV10203VJ0061 | C57: PENDENTE MANUTENÇÃO | D57: 03-0035 | E57: Terça/Quinta/Sábado | F57: Duração de bateria abaixo do esperado | G57: 46120 | I57: 7 | J57: 1,6 DIAS*
A58: CV | B58: CV10303VJ0017 | C58: PENDENTE MANUTENÇÃO | D58: 03-0073 | E58: Terça/Sexta | F58: Duração de bateria abaixo do esperado | G58: 46120 | I58: 6 | J58: 1 DIA*
A59: CV | B59: CV10303VJ0020 | C59: PENDENTE MANUTENÇÃO | D59: 03-0131 | E59: Terça/Sexta | F59: Duração de bateria abaixo do esperado | G59: 46120 | I59: 7 | J59: 1 DIA*
A60: CV | B60: CV10303VJ0022 | C60: PENDENTE MANUTENÇÃO | D60: 03-0116 | E60: Terça/Sexta | F60: Duração de bateria abaixo do esperado | G60: 46120 | I60: 8 | J60: 1 DIA*
A61: JT | B61: JT10304VJ0039 | C61: PENDENTE MANUTENÇÃO | D61: 03-0127 | E61: Quarta/Sábado | F61: Duração de bateria abaixo do esperado | G61: 46120 | I61: 7 | J61: 1 DIA*
A62: JT | B62: JT10304VJ0041 | C62: PENDENTE MANUTENÇÃO | D62: 03-0051 | E62: Quarta/Sábado | F62: Duração de bateria abaixo do esperado | G62: 46120 | I62: 8 | J62: 1 DIA*
... A69: JT | B69: JT10303VJ0036 | C69: PENDENTE MANUTENÇÃO | D69: 03-0008 | E69: Terça/Sexta | F69: Duração de bateria abaixo do esperado | G69: 46120 | I69: 8 | J69: 1 DIA*

Sheet SETORES VARRIÇÃO
A1: SUBPREFEITURA | B1: SETOR | C1: TURNO | D1: SERVIÇO | E1: FREQUÊNCIA | F1: DIAS DE EXECUÇÃO | G1: KM_PROD | H1: SELIMP | I1: INSTALAÇÃO | J1: LIMPEBRAS | K1: INSTALAÇÃO
A2: CV | B2: CV10101VL0001 | C2: Diurno | D2: VARRIÇÃO MANUAL DE VIAS E LOGRADOUROS PÚBLICOS - SARJETAS E CALÇADAS | E2: Diário | F2: Segunda a Domingo | G2: 5.430886 | H2: 03-0036 | I2: 45997 | J2: 017 | K2: 46017
A3: CV | B3: CV10101VL0002 | C3: Diurno | D3: VARRIÇÃO MANUAL DE VIAS E LOGRADOUROS PÚBLICOS - SARJETAS E CALÇADAS | E3: Diário | F3: Segunda a Domingo | G3: 5.354424 | H3: 03-0106 | I3: 45997 | J3: 198 | K3: 46017
A4: CV | B4: CV10101VJ0001 | C4: Diurno | D4: VARRIÇÃO MANUAL DE VIAS E LOGRADOUROS PÚBLICOS - SARJETAS | E4: Diário | F4: Segunda a Domingo | G4: 5.914789 | H4: 03-0055 | I4: 45994 | J4: 012 | K4: 46017
A5: CV | B5: CV10101VJ0002 | C5: Diurno | D5: VARRIÇÃO MANUAL DE VIAS E LOGRADOUROS PÚBLICOS - SARJETAS | E5: Diário | F5: Segunda a Domingo | G5: 5.877836 | H5: 03-0060 | I5: 45994 | J5: 018 | K5: 46017
A6: CV | B6: CV10101VJ0003 | C6: Diurno | D6: VARRIÇÃO MANUAL DE VIAS E LOGRADOUROS PÚBLICOS - SARJETAS | E6: Diário | F6: Segunda a Domingo | G6: 6.054219 | H6: 03-0064 | I6: 45995 | J6: 027 | K6: 46017
A7: CV | B7: CV10101VJ0004 | C7: Diurno | D7: VARRIÇÃO MANUAL DE VIAS E LOGRADOUROS PÚBLICOS - SARJETAS | E7: Diário | F7: Segunda a Domingo | G7: 6.206024 | H7: 03-0101 | I7: 45994 | J7: 245 | K7: 46017
A8: CV | B8: CV10101VJ0005 | C8: Diurno | D8: VARRIÇÃO MANUAL DE VIAS E LOGRADOUROS PÚBLICOS - SARJETAS | E8: Diário | F8: Segunda a Domingo | G8: 5.898842 | H8: 03-0057 | I8: 45994 | J8: 329 | K8: 46017
A9: CV | B9: CV10101VJ0006 | C9: Diurno | D9: VARRIÇÃO MANUAL DE VIAS E LOGRADOUROS PÚBLICOS - SARJETAS | E9: Diário | F9: Segunda a Domingo | G9: 6.124736 | H9: 03-0112 | I9: 45994 | J9: 064 | K9: 46017
A10: CV | B10: CV10101VJ0007 | C10: Diurno | D10: VARRIÇÃO MANUAL DE VIAS E LOGRADOUROS PÚBLICOS - SARJETAS | E10: Diário | F10: Segunda a Domingo | G10: 6.115814 | H10: 03-0096 | I10: 45994 | J10: 065 | K10: 46017
A11: CV | B11: CV10101VJ0008 | C11: Diurno | D11: VARRIÇÃO MANUAL DE VIAS E LOGRADOUROS PÚBLICOS - SARJETAS | E11: Diário | F11: Segunda a Domingo | G11: 6.368843 | H11: 03-0120 | I11: 45994 | J11: 196 | K11: 46017
A12: CV | B12: CV10101VJ0009 | C12: Diurno | D12: VARRIÇÃO MANUAL DE VIAS E LOGRADOUROS PÚBLICOS - SARJETAS | E12: Diário | F12: Segunda a Domingo | G12: 6.170581 | H12: 03-0102 | I12: 45994 | J12: 039 | K12: 46017
A13: CV | B13: CV10102VJ0010 | C13: Diurno | D13: VARRIÇÃO MANUAL DE VIAS E LOGRADOUROS PÚBLICOS - SARJETAS | E13: Diário 2x | F13: Segunda a Domingo | G13: 3.103363 | H13: 03-0130 | I13: 45994 | J13: 069 | K13: 46017
... A151: ST | B151: ST10203VJ0080 | C151: Diurno | D151: VARRIÇÃO MANUAL DE VIAS E LOGRADOUROS PÚBLICOS - SARJETAS | E151: Alternado | F151: Terça/Quinta/Sábado | G151: 5.919429 | H151: 03-0316 | I151: 46102 | J151: 091 | K151: 46051
A152: JT | B152: JT10101VL0001 | C152: Diurno | D152: VARRIÇÃO MANUAL DE VIAS E LOGRADOUROS PÚBLICOS - SARJETAS E CALÇADAS | E152: Diário | F152: Segunda a Domingo | G152: 5.280792 | H152: 03-0026 | I152: 46006 | J152: 201 | K152: 46028
A153: JT | B153: JT10101VL0002 | C153: Diurno | D153: VARRIÇÃO MANUAL DE VIAS E LOGRADOUROS PÚBLICOS - SARJETAS E CALÇADAS | E153: Diário | F153: Segunda a Sábado | G153: 5.127622 | H153: 03-0086 | I153: 46006 | J153: 195 | K153: 46028
A154: JT | B154: JT10102VJ0001 | C154: Diurno | D154: VARRIÇÃO MANUAL DE VIAS E LOGRADOUROS PÚBLICOS - SARJETAS | E154: Diário | F154: Segunda a Domingo | G154: 5.918848 | H154: 03-0049 | I154: 46006 | J154: 187 | K154: 46057
A155: JT | B155: JT20102VJ0001 | C155: Vespertino | D155: VARRIÇÃO MANUAL DE VIAS E LOGRADOUROS PÚBLICOS - SARJETAS | E155: Diário | F155: Segunda a Domingo | G155: 5.918848 | H155: 03-0103 | I155: 46007 | J155: 189 | K155: 46057
A156: JT | B156: JT10102VJ0002 | C156: Diurno | D156: VARRIÇÃO MANUAL DE VIAS E LOGRADOUROS PÚBLICOS - SARJETAS | E156: Diário | F156: Segunda a Domingo | G156: 5.610848 | H156: 03-0138 | I156: 46006 | J156: 321 | K156: 46057
A157: JT | B157: JT20102VJ0002 | C157: Vespertino | D157: VARRIÇÃO MANUAL DE VIAS E LOGRADOUROS PÚBLICOS - SARJETAS | E157: Diário | F157: Segunda a Domingo | G157: 5.918848 | H157: 03-0033 | I157: 46007 | J157: 199 | K157: 46057
A158: JT | B158: JT10102VJ0003 | C158: Diurno | D158: VARRIÇÃO MANUAL DE VIAS E LOGRADOUROS PÚBLICOS - SARJETAS | E158: Diário | F158: Segunda a Domingo | G158: 5.808575 | H158: 03-0023 | I158: 46006 | J158: 243 | K158: 46057
A159: JT | B159: JT20102VJ0003 | C159: Vespertino | D159: VARRIÇÃO MANUAL DE VIAS E LOGRADOUROS PÚBLICOS - SARJETAS | E159: Diário | F159: Segunda a Domingo | G159: 5.918848 | H159: 03-0059 | I159: 46007 | J159: 192 | K159: 46057
A160: JT | B160: JT10101VJ0004 | C160: Diurno | D160: VARRIÇÃO MANUAL DE VIAS E LOGRADOUROS PÚBLICOS - SARJETAS | E160: Diário | F160: Segunda a Domingo | G160: 5.971002 | H160: 03-0080 | I160: 46006 | J160: 324 | K160: 46028
A161: JT | B161: JT10202VJ0054 | C161: Diurno | D161: VARRIÇÃO MANUAL DE VIAS E LOGRADOUROS PÚBLICOS - SARJETAS | E161: Alternado | F161: Segunda/Quarta/Sexta | G161: 5.361291 | H161: 03-0005 | I161: 46007 | J161: 167 | K161: 46024
A162: JT | B162: JT10202VJ0056 | C162: Diurno | D162: VARRIÇÃO MANUAL DE VIAS E LOGRADOUROS PÚBLICOS - SARJETAS | E162: Alternado | F162: Segunda/Quarta/Sexta | G162: 5.005991 | H162: 03-0042 | I162: 46006 | J162: 158 | K162: 46024
A163: JT | B163: JT10203VJ0053 | C163: Diurno | D163: VARRIÇÃO MANUAL DE VIAS E LOGRADOUROS PÚBLICOS - SARJETAS | E163: Alternado | F163: Terça/Quinta/Sábado | G163: 5.912718 | H163: 03-0140 | I163: 46000 | J163: 194 | K163: 46029
A164: JT | B164: JT10203VJ0055 | C164: Diurno | D164: VARRIÇÃO MANUAL DE VIAS E LOGRADOUROS PÚBLICOS - SARJETAS | E164: Alternado | F164: Terça/Quinta/Sábado | G164: 5.112609 | H164: 03-0046 | I164: 46003 | J164: 191 | K164: 46025
A165: JT | B165: JT10302VJ0005 | C165: Diurno | D165: VARRIÇÃO MANUAL DE VIAS E LOGRADOUROS PÚBLICOS - SARJETAS | E165: Bissemanal | F165: Segunda/Quinta | G165: 5.995798 | H165: 03-0037 | I165: 46002 | J165: 170 | K165: 46027
A166: JT | B166: JT10302VJ0006 | C166: Diurno | D166: VARRIÇÃO MANUAL DE VIAS E LOGRADOUROS PÚBLICOS - SARJETAS | E166: Bissemanal | F166: Segunda/Quinta | G166: 6.022466 | H166: 03-0052 | I166: 46006 | J166: 325 | K166: 46027
A167: JT | B167: JT10302VJ0007 | C167: Diurno | D167: VARRIÇÃO MANUAL DE VIAS E LOGRADOUROS PÚBLICOS - SARJETAS | E167: Bissemanal | F167: Segunda/Quinta | G167: 5.965794 | H167: 03-0068 | I167: 46002 | J167: 193 | K167: 46027
A168: JT | B168: JT10302VJ0008 | C168: Diurno | D168: VARRIÇÃO MANUAL DE VIAS E LOGRADOUROS PÚBLICOS - SARJETAS | E168: Bissemanal | F168: Segunda/Quinta | G168: 6.156119 | H168: 03-0074 | I168: 46002 | J168: 175 | K168: 46027
A169: JT | B169: JT10302VJ0009 | C169: Diurno | D169: VARRIÇÃO MANUAL DE VIAS E LOGRADOUROS PÚBLICOS - SARJETAS | E169: Bissemanal | F169: Segunda/Quinta | G169: 6.149637 | H169: 03-0079 | I169: 46002 | J169: 200 | K169: 46027
A170: JT | B170: JT10302VJ0010 | C170: Diurno | D170: VARRIÇÃO MANUAL DE VIAS E LOGRADOUROS PÚBLICOS - SARJETAS | E170: Bissemanal | F170: Segunda/Quinta | G170: 6.008869 | H170: 03-0018 | I170: 46002 | J170: 328 | K170: 46027
A171: JT | B171: JT10302VJ0011 | C171: Diurno | D171: VARRIÇÃO MANUAL DE VIAS E LOGRADOUROS PÚBLICOS - SARJETAS | E171: Bissemanal | F171: Segunda/Quinta | G171: 5.968363 | H171: 03-0014 | I171: 46002 | J171: 244 | K171: 46027
A172: JT | B172: JT10302VJ0012 | C172: Diurno | D172: VARRIÇÃO MANUAL DE VIAS E LOGRADOUROS PÚBLICOS - SARJETAS | E172: Bissemanal | F172: Segunda/Quinta | G172: 6.062179 | H172: 03-0123 | I172: 46002 | J172: 307 | K172: 46027
A173: JT | B173: JT10302VJ0013 | C173: Diurno | D173: VARRIÇÃO MANUAL DE VIAS E LOGRADOUROS PÚBLICOS - SARJETAS | E173: Bissemanal | F173: Segunda/Quinta | G173: 5.964699 | H173: 03-0117 | I173: 46002 | J173: 190 | K173: 46027
A174: JT | B174: JT10302VJ0014 | C174: Diurno | D174: VARRIÇÃO MANUAL DE VIAS E LOGRADOUROS PÚBLICOS - SARJETAS | E174: Bissemanal | F174: Segunda/Quinta | G174: 6.055712 | H174: 03-0110 | I174: 46002 | J174: 188 | K174: 46030
A175: JT | B175: JT10302VJ0015 | C175: Diurno | D175: VARRIÇÃO MANUAL DE VIAS E LOGRADOUROS PÚBLICOS - SARJETAS | E175: Bissemanal | F175: Segunda/Quinta | G175: 6.057358 | H175: 03-0030 | I175: 46002 | J175: 319 | K175: 46034
A176: JT | B176: JT10302VJ0016 | C176: Diurno | D176: VARRIÇÃO MANUAL DE VIAS E LOGRADOUROS PÚBLICOS - SARJETAS | E176: Bissemanal | F176: Segunda/Quinta | G176: 5.842275 | H176: 03-0045 | I176: 46002 | J176: 308 | K176: 46030
A177: JT | B177: JT10302VJ0017 | C177: Diurno | D177: VARRIÇÃO MANUAL DE VIAS E LOGRADOUROS PÚBLICOS - SARJETAS | E177: Bissemanal | F177: Segunda/Quinta | G177: 6.007319 | H177: 03-0093 | I177: 46002 | J177: 197 | K177: 46030
A178: JT | B178: JT10302VJ0018 | C178: Diurno | D178: VARRIÇÃO MANUAL DE VIAS E LOGRADOUROS PÚBLICOS - SARJETAS | E178: Bissemanal | F178: Segunda/Quinta | G178: 6.164977 | H178: 03-0141 | I178: 46002 | J178: 320 | K178: 46030
A179: JT | B179: JT10302VJ0019 | C179: Diurno | D179: VARRIÇÃO MANUAL DE VIAS E LOGRADOUROS PÚBLICOS - SARJETAS | E179: Bissemanal | F179: Segunda/Quinta | G179: 5.861857 | H179: 03-0058 | I179: 46002 | J179: 323 | K179: 46030
A180: JT | B180: JT10302VJ0020 | C180: Diurno | D180: VARRIÇÃO MANUAL DE VIAS E LOGRADOUROS PÚBLICOS - SARJETAS | E180: Bissemanal | F180: Segunda/Quinta | G180: 6.285862 | H180: 03-0109 | I180: 46006 | J180: 322 | K180: 46030
A181: JT | B181: JT10302VJ0057 | C181: Diurno | D181: VARRIÇÃO MANUAL DE VIAS E LOGRADOUROS PÚBLICOS - SARJETAS | E181: Bissemanal | F181: Segunda/Quinta | G181: 4.996847 | H181: 03-0076 | I181: 46002 | J181: 309 | K181: 46030
A182: JT | B182: JT10303VJ0021 | C182: Diurno | D182: VARRIÇÃO MANUAL DE VIAS E LOGRADOUROS PÚBLICOS - SARJETAS | E182: Bissemanal | F182: Terça/Sexta | G182: 5.970942 | H182: 03-0137 | I182: 46003 | J182: 172 | K182: 46021
A183: JT | B183: JT10303VJ0022 | C183: Diurno | D183: VARRIÇÃO MANUAL DE VIAS E LOGRADOUROS PÚBLICOS - SARJETAS | E183: Bissemanal | F183: Terça/Sexta | G183: 5.494313 | H183: 03-0135 | I183: 46003 | J183: 166 | K183: 46028
... A185: JT | B185: JT10303VJ0024 | C185: Diurno | D185: VARRIÇÃO MANUAL DE VIAS E LOGRADOUROS PÚBLICOS - SARJETAS | E185: Bissemanal | F185: Terça/Sexta | G185: 6.11512 | H185: 03-0094 | I185: 46003 | J185: 157 | K185: 46021
A186: JT | B186: JT10303VJ0025 | C186: Diurno | D186: VARRIÇÃO MANUAL DE VIAS E LOGRADOUROS PÚBLICOS - SARJETAS | E186: Bissemanal | F186: Terça/Sexta | G186: 5.871652 | H186: 03-0002 | I186: 46003 | J186: 165 | K186: 46021
A187: JT | B187: JT10303VJ0026 | C187: Diurno | D187: VARRIÇÃO MANUAL DE VIAS E LOGRADOUROS PÚBLICOS - SARJETAS | E187: Bissemanal | F187: Terça/Sexta | G187: 6.026886 | H187: 03-0048 | I187: 46000 | J187: 174 | K187: 46021
A188: JT | B188: JT10303VJ0027 | C188: Diurno | D188: VARRIÇÃO MANUAL DE VIAS E LOGRADOUROS PÚBLICOS - SARJETAS | E188: Bissemanal | F188: Terça/Sexta | G188: 5.994384 | H188: 03-0081 | I188: 46000 | J188: 173 | K188: 46021
A189: JT | B189: JT10303VJ0028 | C189: Diurno | D189: VARRIÇÃO MANUAL DE VIAS E LOGRADOUROS PÚBLICOS - SARJETAS | E189: Bissemanal | F189: Terça/Sexta | G189: 6.053936 | H189: 03-0063 | I189: 46000 | J189: 156 | K189: 46021
A190: JT | B190: JT10303VJ0029 | C190: Diurno | D190: VARRIÇÃO MANUAL DE VIAS E LOGRADOUROS PÚBLICOS - SARJETAS | E190: Bissemanal | F190: Terça/Sexta | G190: 5.964575 | H190: 03-0043 | I190: 46000 | J190: 150 | K190: 46021
A191: JT | B191: JT10303VJ0030 | C191: Diurno | D191: VARRIÇÃO MANUAL DE VIAS E LOGRADOUROS PÚBLICOS - SARJETAS | E191: Bissemanal | F191: Terça/Sexta | G191: 6.045982 | H191: 03-0128 | I191: 46003 | J191: 159 | K191: 46021
A192: JT | B192: JT10303VJ0031 | C192: Diurno | D192: VARRIÇÃO MANUAL DE VIAS E LOGRADOUROS PÚBLICOS - SARJETAS | E192: Bissemanal | F192: Terça/Sexta | G192: 6.175672 | H192: 03-0133 | I192: 46000 | J192: 160 | K192: 46024
A193: JT | B193: JT10303VJ0032 | C193: Diurno | D193: VARRIÇÃO MANUAL DE VIAS E LOGRADOUROS PÚBLICOS - SARJETAS | E193: Bissemanal | F193: Terça/Sexta | G193: 6.237465 | H193: 03-0090 | I193: 46003 | J193: 164 | K193: 46024
A194: JT | B194: JT10303VJ0033 | C194: Diurno | D194: VARRIÇÃO MANUAL DE VIAS E LOGRADOUROS PÚBLICOS - SARJETAS | E194: Bissemanal | F194: Terça/Sexta | G194: 6.203305 | H194: 03-0041 | I194: 46000 | J194: 046 | K194: 46024
A195: JT | B195: JT10303VJ0034 | C195: Diurno | D195: VARRIÇÃO MANUAL DE VIAS E LOGRADOUROS PÚBLICOS - SARJETAS | E195: Bissemanal | F195: Terça/Sexta | G195: 6.021715 | H195: 03-0053 | I195: 46000 | J195: 316 | K195: 46024
A196: JT | B196: JT10303VJ0035 | C196: Diurno | D196: VARRIÇÃO MANUAL DE VIAS E LOGRADOUROS PÚBLICOS - SARJETAS | E196: Bissemanal | F196: Terça/Sexta | G196: 6.145545 | H196: 03-0001 | I196: 46000 | J196: 171 | K196: 46034
A197: JT | B197: JT10303VJ0036 | C197: Diurno | D197: VARRIÇÃO MANUAL DE VIAS E LOGRADOUROS PÚBLICOS - SARJETAS | E197: Bissemanal | F197: Terça/Sexta | G197: 5.825434 | H197: 03-0008 | I197: 46000 | J197: 146 | K197: 46018
A198: JT | B198: JT10303VJ0058 | C198: Diurno | D198: VARRIÇÃO MANUAL DE VIAS E LOGRADOUROS PÚBLICOS - SARJETAS | E198: Bissemanal | F198: Terça/Sexta | G198: 6.005923 | H198: 03-0111 | I198: 46000 | J198: 168 | K198: 46024
A199: JT | B199: JT10304VJ0037 | C199: Diurno | D199: VARRIÇÃO MANUAL DE VIAS E LOGRADOUROS PÚBLICOS - SARJETAS | E199: Bissemanal | F199: Quarta/Sábado | G199: 6.126964 | H199: 03-0040 | I199: 46001 | J199: 312 | K199: 46018
A200: JT | B200: JT10304VJ0038 | C200: Diurno | D200: VARRIÇÃO MANUAL DE VIAS E LOGRADOUROS PÚBLICOS - SARJETAS | E200: Bissemanal | F200: Quarta/Sábado | G200: 5.956348 | H200: 03-0143 | I200: 46001 | J200: 163 | K200: 46018
A201: JT | B201: JT10304VJ0039 | C201: Diurno | D201: VARRIÇÃO MANUAL DE VIAS E LOGRADOUROS PÚBLICOS - SARJETAS | E201: Bissemanal | F201: Quarta/Sábado | G201: 6.025418 | H201: 03-0127 | I201: 46001 | J201: 040 | K201: 46018
A202: JT | B202: JT10304VJ0040 | C202: Diurno | D202: VARRIÇÃO MANUAL DE VIAS E LOGRADOUROS PÚBLICOS - SARJETAS | E202: Bissemanal | F202: Quarta/Sábado | G202: 5.987888 | H202: 03-0054 | I202: 46008 | J202: 041 | K202: 46018
A203: JT | B203: JT10304VJ0041 | C203: Diurno | D203: VARRIÇÃO MANUAL DE VIAS E LOGRADOUROS PÚBLICOS - SARJETAS | E203: Bissemanal | F203: Quarta/Sábado | G203: 6.074565 | H203: 03-0051 | I203: 46001 | J203: 051 | K203: 46018
A204: JT | B204: JT10304VJ0042 | C204: Diurno | D204: VARRIÇÃO MANUAL DE VIAS E LOGRADOUROS PÚBLICOS - SARJETAS | E204: Bissemanal | F204: Quarta/Sábado | G204: 6.106465 | H204: 03-0095 | I204: 46008 | J204: 044 | K204: 46018
A205: JT | B205: JT10304VJ0043 | C205: Diurno | D205: VARRIÇÃO MANUAL DE VIAS E LOGRADOUROS PÚBLICOS - SARJETAS | E205: Bissemanal | F205: Quarta/Sábado | G205: 6.023096 | H205: 03-0025 | I205: 46001 | J205: 036 | K205: 46018
A206: JT | B206: JT10304VJ0044 | C206: Diurno | D206: VARRIÇÃO MANUAL DE VIAS E LOGRADOUROS PÚBLICOS - SARJETAS | E206: Bissemanal | F206: Quarta/Sábado | G206: 6.1017 | H206: 03-0091 | I206: 46001 | J206: 315 | K206: 46018
A207: JT | B207: JT10304VJ0045 | C207: Diurno | D207: VARRIÇÃO MANUAL DE VIAS E LOGRADOUROS PÚBLICOS - SARJETAS | E207: Bissemanal | F207: Quarta/Sábado | G207: 5.993833 | H207: 03-0104 | I207: 46001 | J207: 066 | K207: 46018
A208: JT | B208: JT10304VJ0046 | C208: Diurno | D208: VARRIÇÃO MANUAL DE VIAS E LOGRADOUROS PÚBLICOS - SARJETAS | E208: Bissemanal | F208: Quarta/Sábado | G208: 6.488706 | H208: 03-0024 | I208: 46001 | J208: 059 | K208: 46018
A209: JT | B209: JT10304VJ0047 | C209: Diurno | D209: VARRIÇÃO MANUAL DE VIAS E LOGRADOUROS PÚBLICOS - SARJETAS | E209: Bissemanal | F209: Quarta/Sábado | G209: 6.342345 | H209: 03-0031 | I209: 46001 | J209: 060 | K209: 46025
A210: JT | B210: JT10304VJ0048 | C210: Diurno | D210: VARRIÇÃO MANUAL DE VIAS E LOGRADOUROS PÚBLICOS - SARJETAS | E210: Bissemanal | F210: Quarta/Sábado | G210: 6.115694 | H210: 03-0007 | I210: 46001 | J210: 047 | K210: 46025
A211: JT | B211: JT10304VJ0049 | C211: Diurno | D211: VARRIÇÃO MANUAL DE VIAS E LOGRADOUROS PÚBLICOS - SARJETAS | E211: Bissemanal | F211: Quarta/Sábado | G211: 6.116099 | H211: 03-0019 | I211: 46001 | J211: 052 | K211: 46025
A212: JT | B212: JT10304VJ0050 | C212: Diurno | D212: VARRIÇÃO MANUAL DE VIAS E LOGRADOUROS PÚBLICOS - SARJETAS | E212: Bissemanal | F212: Quarta/Sábado | G212: 6.231517 | H212: 03-0016 | I212: 46001 | J212: 056 | K212: 46025
... A287: MG | B287: MG10203VJ0070 | C287: Diurno | D287: VARRIÇÃO MANUAL DE VIAS E LOGRADOUROS PÚBLICOS - SARJETAS | E287: Alternado | F287: Terça/Quinta/Sábado | G287: 6.075817 | H287: 03-0274 | I287: 46095 | J287: 301 | K287: 46035

Sheet SETORES PRAÇA
A1: SUBPREFEITURA | B1: SETOR | C1: SERVIÇO | D1: PRAÇA | E1: FREQUÊNCIA | F1: DIAS DE EXECUÇÃO | G1: KM_PROD | H1: SELIMP | I1: INSTALAÇÃO | J1: LIMPEBRAS | K1: INSTALAÇÃO
A2: CV | B2: CV10101VP0001/02/03 | C2: EQUIPE PARA VARRIÇÃO DE PRAÇAS | D2: PRAÇA LIONS CLUBE ÍMIRIM/ LARGO DO JAPONÊS/ PRAÇA DO POVO | E2: Diário | F2: Segunda a Sábado | G2: 6.819 | H2: 03-0217 | I2: 46100 | J2: 129 | K2: 46062
A3: CV | B3: CV10101VP0004 | C3: EQUIPE PARA VARRIÇÃO DE PRAÇAS | D3: PRAÇA DOM HELVÉCIO GOMES DE OLIVEIRA | E3: Diário | F3: Segunda a Sábado | G3: 0.099 | H3: 03-0213 | I3: 46100 | J3: 123 | K3: 46062
A4: CV | B4: CV10101VP0005 | C4: EQUIPE PARA VARRIÇÃO DE PRAÇAS | D4: PRAÇA MARIANO MELGAR | E4: Diário | F4: Segunda a Sábado | G4: 0.283 | H4: 03-0305 | I4: 46100 | J4: 145 | K4: 46062
A5: CV | B5: CV10101VP0006/07/08 | C5: EQUIPE PARA VARRIÇÃO DE PRAÇAS | D5: PRAÇA JOAO AZEVEDO BORGES/ PRAÇA WALDEMAR GASPAR DE OLIVEIRA/ PRAÇA GERCINO JOSE DE SOUZA | E5: Diário | F5: Segunda a Sábado | G5: 12.294 | H5: 03-0231 | I5: 46100 | J5: 030 | K5: 46062
A6: CV | B6: CV10202VP0009/10 | C6: EQUIPE PARA VARRIÇÃO DE PRAÇAS | D6: PRAÇA CRUZ DA ESPERANÇA/ PRAÇA JOAQUIM VIEIRA LOPES | E6: Alternado | F6: Segunda/Quarta/Sexta | G6: 4.21 | H6: 03-0158 | I6: 46106 | J6: 140 | K6: 46062
A7: CV | B7: CV10202VP0011 | C7: EQUIPE PARA VARRIÇÃO DE PRAÇAS | D7: PRAÇA JOÃO CABRAL REZENDE | E7: Alternado | F7: Segunda/Quarta/Sexta | G7: 3.415 | H7: 03-0296 | I7: 46106 | J7: 117 | K7: 46071
A8: CV | B8: CV10202VP0012 | C8: EQUIPE PARA VARRIÇÃO DE PRAÇAS | D8: PRAÇA 02 DE DEZEMBRO | E8: Alternado | F8: Segunda/Quarta/Sexta | G8: 2.672 | H8: 03-0294 | I8: 46106 | J8: 130 | K8: 46073
A9: CV | B9: CV10202VP0013/14 | C9: EQUIPE PARA VARRIÇÃO DE PRAÇAS | D9: PRAÇA SANTÍSSIMA TRINDADE/ PRAÇA PROFESSOR CESARINO JÚNIOR | E9: Alternado | F9: Segunda/Quarta/Sexta | G9: 7.678 | H9: 03-0230 | I9: 46106 | J9: 136 | K9: 46071
A10: CV | B10: CV10202VP0015/16 | C10: EQUIPE PARA VARRIÇÃO DE PRAÇAS | D10: RAÇA ADRIANO RIBEIRO CARDOSO/ PRAÇA MARIA HELENA DO NASCIMENTO | E10: Alternado | F10: Segunda/Quarta/Sexta | G10: 4.758 | H10: 03-0229 | I10: 46106 | J10: 100 | K10: 46071
A11: CV | B11: CV10203VP0017/18 | C11: EQUIPE PARA VARRIÇÃO DE PRAÇAS | D11: PRAÇA BENITO NICOLETTI/ PRAÇA CANAÃ | E11: Alternado | F11: Terça/Quinta/Sábado | G11: 1.341 | H11: 03-0212 | I11: 46112 | J11: 119 | K11: 46072
A12: CV | B12: CV10203VP0019 | C12: EQUIPE PARA VARRIÇÃO DE PRAÇAS | D12: PRAÇA MARIO FABRE | E12: Alternado | F12: Terça/Quinta/Sábado | G12: 0.453 | H12: 03-0145 | I12: 46100 | J12: 121 | K12: 46070
A13: CV | B13: CV10203VP0020/21 | C13: EQUIPE PARA VARRIÇÃO DE PRAÇAS | D13: PRAÇA RADIALISTA MANOEL DE NOBREGA/ PRAÇA CENTENÁRIO | E13: Alternado | F13: Terça/Quinta/Sábado | G13: 5.06 | H13: 03-0223 | I13: 46100 | J13: 113 | K13: 46070
... A15: CV | B15: CV10203VP0023 | C15: EQUIPE PARA VARRIÇÃO DE PRAÇAS | D15: PRAÇA ANTONIO FRANCO VELASCO | E15: Alternado | F15: Terça/Quinta/Sábado | G15: 0.906 | H15: 03-0306 | I15: 46100 | J15: 133 | K15: 46070
A16: ST | B16: ST10101VP0001 | C16: EQUIPE PARA VARRIÇÃO DE PRAÇAS | D16: PRAÇA ROTARY DISTRITAL | E16: Diário | F16: Segunda a Sábado | G16: 5.725
A17: ST | B17: ST10101VP0002 | C17: EQUIPE PARA VARRIÇÃO DE PRAÇAS | D17: PRAÇA AIRTON DE ABREU | E17: Diário | F17: Segunda a Sábado | G17: 1.769
A18: ST | B18: ST10101VP0003/04 | C18: EQUIPE PARA VARRIÇÃO DE PRAÇAS | D18: PRAÇA RENATO DE ARAUJO SALGADO/ PRAÇA NOSSA SENHORA DOS PRAZERES | E18: Diário | F18: Segunda a Sábado | G18: 7.707
A19: ST | B19: ST10101VP0005/06 | C19: EQUIPE PARA VARRIÇÃO DE PRAÇAS | D19: PRAÇA PAINEIRA DO CAMPO/ PRAÇA NAKHLE KHOURI GHARIB | E19: Diário | F19: Segunda a Sábado | G19: 3.247
A20: ST | B20: ST10101VP0007 | C20: EQUIPE PARA VARRIÇÃO DE PRAÇAS | D20: PÇ. DR. ANTONIO MARIA DE LAET X R. CLAUDINO INACIO JOAQUIM X R. CONEGO LADEIRA | E20: Diário | F20: Segunda a Sábado | G20: 3.65
A21: ST | B21: ST10101VP0008 | C21: EQUIPE PARA VARRIÇÃO DE PRAÇAS | D21: PRAÇA HERÓIS DA FORÇA EXPEDICIONÁRIA BRASILEIRA | E21: Diário | F21: Segunda a Sábado | G21: 9.785
A22: ST | B22: ST10101VP0009/10 | C22: EQUIPE PARA VARRIÇÃO DE PRAÇAS | D22: PRAÇA ORLANDO SILVA/ RUA NOGUEIRA ACIOLI | E22: Diário | F22: Segunda a Sábado | G22: 3.161
A23: ST | B23: ST10101VP0011/12 | C23: EQUIPE PARA VARRIÇÃO DE PRAÇAS | D23: RAÇA JOÃO DE MORAES SETÚBAL/ PRAÇA CORONEL PM PAULO DE TARSO AUGUSTO | E23: Diário | F23: Segunda a Sábado | G23: 9.612
A24: ST | B24: ST10101VP0013/14 | C24: EQUIPE PARA VARRIÇÃO DE PRAÇAS | D24: PRAÇA ROTARY DE SÃO PAULO - NORTE/ PRAÇA RUBENS FIORANTI | E24: Diário | F24: Segunda a Sábado | G24: 6.342
A25: ST | B25: ST10101VP0015 | C25: EQUIPE PARA VARRIÇÃO DE PRAÇAS | D25: PRAÇA TERMINAL RODOVIÁRIO TIETÊ | E25: Diário | F25: Segunda a Sábado | G25: 6.084
A26: ST | B26: ST10101VP0016 | C26: EQUIPE PARA VARRIÇÃO DE PRAÇAS | D26: AV. CRUZEIRO DO SUL(CANTEIRO CENTRAL) | E26: Diário | F26: Segunda a Sábado | G26: 0.729
A27: ST | B27: ST10101VP0017 | C27: EQUIPE PARA VARRIÇÃO DE PRAÇAS | D27: CANTEIRO CENTRAL AV. ZAKI NARCHI | E27: Diário | F27: Segunda a Sábado | G27: 0.88
... A33: ST | B33: ST10304VP0030 | C33: EQUIPE PARA VARRIÇÃO DE PRAÇAS | D33: PRAÇA CAETANA FARINI DE CARVALHO | E33: Bissemanal | F33: Quarta/Sábado | G33: 2.948
A34: JT | B34: JT10101VP0001 | C34: EQUIPE PARA VARRIÇÃO DE PRAÇAS | D34: PRAÇA COMANDANTE EDUARDO DE OLIVEIRA | E34: Diário | F34: Segunda a Sábado | G34: 6.43 | H34: 03-0161 | I34: 46099 | J34: 128 | K34: 46063
A35: JT | B35: JT10101VP0002/03 | C35: EQUIPE PARA VARRIÇÃO DE PRAÇAS | D35: PRAÇA JOÃO BATISTA VASQUES/ PRAÇA COMANDANTE ALBERTO DE SOUZA | E35: Diário | F35: Segunda a Sábado | G35: 5.909 | H35: 03-0153 | I35: 46099 | J35: 135 | K35: 46062
A36: JT | B36: JT10302VP0004/05 | C36: EQUIPE PARA VARRIÇÃO DE PRAÇAS | D36: PRAÇA WAGNER MACIERA/ PRAÇA MEMÓRIA DO JAÇANÃ | E36: Bissemanal | F36: Segunda/Quinta | G36: 6.025 | H36: 03-0156 | I36: 46107 | J36: 161 | K36: 46065
A37: JT | B37: JT10302VP0006/07 | C37: EQUIPE PARA VARRIÇÃO DE PRAÇAS | D37: PRAÇA ALVARO ALTAIR MARINELLI/ PRAÇA FAUSTO ANTONIO | E37: Bissemanal | F37: Segunda/Quinta | G37: 9.672 | H37: 03-0304 | I37: 46100 | J37: 125 | K37: 46065
A38: JT | B38: JT10303VP0008/09 | C38: EQUIPE PARA VARRIÇÃO DE PRAÇAS | D38: PRAÇA PEV.PREFEITURA REGIONAL JAÇANÃ (CÉU JAÇANÃ)/ PRAÇA DA OCUPAÇÃO | E38: Bissemanal | F38: Terça/Sexta | G38: 1.905 | H38: 03-0165 | I38: 46101 | J38: 109 | K38: 46063
A39: JT | B39: JT10303VP0010/11 | C39: EQUIPE PARA VARRIÇÃO DE PRAÇAS | D39: PRAÇA SANTA CONSTÃNÇA/ PRAÇA ANTONIO JOAQUIM MARTINS | E39: Bissemanal | F39: Terça/Sexta | G39: 1.102 | H39: 03-0159 | I39: 46101 | J39: 131 | K39: 46063
A40: JT | B40: JT10304VP0012 | C40: EQUIPE PARA VARRIÇÃO DE PRAÇAS | D40: PRAÇA ALAMEDA DAS ROSEIRAS | E40: Bissemanal | F40: Quarta/Sábado | G40: 4.642 | H40: 03-0162 | I40: 46099 | J40: 134 | K40: 46064
A41: JT | B41: JT10304VP0013 | C41: EQUIPE PARA VARRIÇÃO DE PRAÇAS | D41: RUA BARÃO CARLOS DE SOUZA ANHUMAS, 503 | E41: Bissemanal | F41: Quarta/Sábado | G41: 4.436 | H41: 03-0160 | I41: 46099 | J41: 138 | K41: 46064
A42: MG | B42: MG10202VP0001/02/03 | C42: EQUIPE PARA VARRIÇÃO DE PRAÇAS | D42: PRAÇA MARIA MONTESSORI/ PRAÇA COSMORAMA/ PRAÇA CIDADE DE DOURADO | E42: Alternado | F42: Segunda/Quarta/Sexta | G42: 3.041 | H42: 03-0204 | I42: 46097 | J42: 148 | K42: 46059
A43: MG | B43: MG10202VP0004/05 | C43: EQUIPE PARA VARRIÇÃO DE PRAÇAS | D43: PRAÇA OTACÍLIO VIEIRA/ PRAÇA MIKADO | E43: Alternado | F43: Segunda/Quarta/Sexta | G43: 4.347 | H43: 03-0330 | I43: 46097 | J43: 144 | K43: 46059
A44: MG | B44: MG10202VP0006/07/08/09 | C44: EQUIPE PARA VARRIÇÃO DE PRAÇAS | D44: PRAÇA TÓKIO/ RAÇA TEN SHI/ PRAÇA YEDO/ PRAÇA NAKADARI | E44: Alternado | F44: Segunda/Quarta/Sexta | G44: 9.175 | H44: 03-0254 | I44: 46097 | J44: 108 | K44: 46059
A45: MG | B45: MG10202VP0010/11/12 | C45: EQUIPE PARA VARRIÇÃO DE PRAÇAS | D45: PRAÇA JAGUARIMA/ PRAÇA SERGIO ESTANISLAU DE CAMARGO/ ESCADÃO DA RUA PIATÁ | E45: Alternado | F45: Segunda/Quarta/Sexta | G45: 5.774 | H45: 03-0327 | I45: 46097 | J45: 118 | K45: 46059
... A64: MG | B64: MG10304VP0046/47/48/49 | C64: EQUIPE PARA VARRIÇÃO DE PRAÇAS | D64: PRAÇA ARLINDO LUZ/ PRAÇA PROFESSOR ANTONIO RAMOS/ PRAÇA ANA GUTTEMBREG/ PRAÇA EROTIDES CAMPOS | E64: Bissemanal | F64: Quarta/Sábado | G64: 5.093 | H64: 03-0331 | I64: 46099 | J64: 132 | K64: 46062

Sheet INSTALAÇÕES
A1: GRID GERAL DE INSTALAÇÕES LUTOCARES
A2: SELIMP
A3: SUBPREFEITURA | B3: SETORES VARRIÇÃO | F3: TOTAL DE INSTALAÇÕES | G3: PENDENTE | H3: INSTALADO
B4: VJ | C4: VL | D4: BITURNO | E4: PRAÇAS
A6: CASA VERDE - CACHOEIRINHA | B6: 64 | C6: 2 | D6: 0 | E6: 14 | F6: 80 | G6: 0 | H6: 80
A7: SANTANA - TUCURUVI | B7: 80 | C7: 2 | D7: 2 | E7: 18 | F7: 102 | G7: 18 | H7: =F7-G7 -> 84
A8: JAÇANÃ - TREMEMBÉ | B8: 59 | C8: 2 | D8: 3 | E8: 8 | F8: 72 | G8: 0 | H8: 72
A9: VILA MARIA - VILA GUILHERME | B9: 70 | C9: 2 | D9: 0 | E9: 23 | F9: 95 | G9: 0 | H9: 95
A11: TOTAL | F11: =SUM(F6:F9) -> 349 | G11: =SUM(G6:G9) -> 18 | H11: =SUM(H6:H9) -> 331
A14: LIMPEBRAS
A15: SUBPREFEITURA | B15: SETORES | F15: TOTAL DE INSTALAÇÕES | G15: PENDENTE | H15: INSTALADO
B16: VJ | C16: VL | D16: BITURNO | E16: PRAÇAS
A18: CASA VERDE - CACHOEIRINHA | B18: 64 | C18: 2 | D18: 0 | E18: 14 | F18: 80 | G18: 0 | H18: 80
A19: SANTANA - TUCURUVI | B19: 80 | C19: 2 | D19: 2 | E19: 18 | F19: 102 | G19: =F19-H19 -> 18 | H19: 84
A20: JAÇANÃ - TREMEMBÉ | B20: 59 | C20: 2 | D20: 3 | E20: 8 | F20: 72 | G20: 0 | H20: 72
A21: VILA MARIA - VILA GUILHERME | B21: 70 | C21: 2 | D21: 0 | E21: 23 | F21: 95 | G21: 0 | H21: 95
A23: TOTAL | F23: =SUM(F18:F21) -> 349 | G23: 18 | H23: =SUM(H18:H21) -> 331

Sheet PERFORMANCE
A1: PERFORMANCE OPERACIONAL REAL (DIAS MONITORADOS SEG-SEX)
A2: SUBPREFEITURA | B2: SETOR | C2: NÚMERO SELIMP | D2: DIAS DE EXECUÇÃO | E2: COMUNICAÇÃO | F2: BATERIA | G2: ÚLTIMA COMUNICAÇÃO | H2: STATUS SINAL GERAL | I2: STATUS BATERIA | J2: DATA INSTALAÇÃO | K2: QUANTIDADE TROCAS | L2: DIAS ON | M2: DIAS OFF | N2: PRODUTIVIDADE
A3: JT | B3: JT10304VJ0043 | C3: 03-0025 | D3: Quarta/Sábado | E3: OFF | F3: 19% (Bateria desatualizada) | G3: 11/04/2026 09:24:57 | H3: =IF(COUNTIFS(MANUTENÇÃO!B:B,B3,MANUTENÇÃO!C:C,"*MANUTENÇÃO ATIVA*")>0, "MANUTENÇÃO ATIVA", IF(COUNTIFS(MANUTENÇÃO!B:B,B3,MANUTENÇÃO!C:C,"*PENDENTE MANUTENÇÃO*")>0, "PENDENTE MANUTENÇÃO", IF(E3="ON","COM SINAL","SEM SINAL") ) ) -> PENDENTE MANUTENÇÃO | I3: =IF(ISTEXT(F3), IF(ISNUMBER(FIND("desatualizada",F3)),"DESATUALIZADA",""), _xlfn.LET(_xlpm.x,IF(F3<=1,F3*100,F3), IF(_xlpm.x>=70,"ALTA", IF(_xlpm.x>=30,"REGULAR", IF(_xlpm.x>=15,"BAIXA","CRÍTICA"))))) -> DESATUALIZADA | J3: =IFERROR(VLOOKUP(C3,'SETORES VARRIÇÃO'!H:I,2,FALSE),VLOOKUP(PERFORMANCE!C3,'SETORES PRAÇA'!H:I,2,FALSE)) -> 46001 | K3: =COUNTIF('TROCAS SELIMP'!$C$2:$F$901,PERFORMANCE!B3) -> 7 | L3: =COUNTIFS('HISTORICO GERAL'!$D:D, B3, 'HISTORICO GERAL'!$A:A, ">="&J3, 'HISTORICO GERAL'!$G:G, "ON") -> 10 | M3: =COUNTIFS('HISTORICO GERAL'!$D:D, B3, 'HISTORICO GERAL'!$A:A, ">="&J3, 'HISTORICO GERAL'!$G:G, "OFF") -> 50 | N3: =L3/(L3+M3) -> 0.16666667
A4: JT | B4: JT10303VJ0035 | C4: 03-0001 | D4: Terça/Sexta | E4: ON | F4: 0.24 | G4: 04/05/2026 14:15:55 | H4: =IF(COUNTIFS(MANUTENÇÃO!B:B,B4,MANUTENÇÃO!C:C,"*MANUTENÇÃO ATIVA*")>0, "MANUTENÇÃO ATIVA", IF(COUNTIFS(MANUTENÇÃO!B:B,B4,MANUTENÇÃO!C:C,"*PENDENTE MANUTENÇÃO*")>0, "PENDENTE MANUTENÇÃO", IF(E4="ON","COM SINAL","SEM SINAL") ) ) -> COM SINAL | I4: =IF(ISTEXT(F4), IF(ISNUMBER(FIND("desatualizada",F4)),"DESATUALIZADA",""), _xlfn.LET(_xlpm.x,IF(F4<=1,F4*100,F4), IF(_xlpm.x>=70,"ALTA", IF(_xlpm.x>=30,"REGULAR", IF(_xlpm.x>=15,"BAIXA","CRÍTICA"))))) -> BAIXA | J4: =IFERROR(VLOOKUP(C4,'SETORES VARRIÇÃO'!H:I,2,FALSE),VLOOKUP(PERFORMANCE!C4,'SETORES PRAÇA'!H:I,2,FALSE)) -> 46000 | K4: =COUNTIF('TROCAS SELIMP'!$C$2:$F$901,PERFORMANCE!B4) -> 3 | L4: =COUNTIFS('HISTORICO GERAL'!$D:D, B4, 'HISTORICO GERAL'!$A:A, ">="&J4, 'HISTORICO GERAL'!$G:G, "ON") -> 56 | M4: =COUNTIFS('HISTORICO GERAL'!$D:D, B4, 'HISTORICO GERAL'!$A:A, ">="&J4, 'HISTORICO GERAL'!$G:G, "OFF") -> 3 | N4: =L4/(L4+M4) -> 0.94915254
A5: JT | B5: JT10303VJ0025 | C5: 03-0002 | D5: Terça/Sexta | E5: OFF | F5: 100% (Bateria desatualizada) | G5: 16/03/2026 10:46:56 | H5: =IF(COUNTIFS(MANUTENÇÃO!B:B,B5,MANUTENÇÃO!C:C,"*MANUTENÇÃO ATIVA*")>0, "MANUTENÇÃO ATIVA", IF(COUNTIFS(MANUTENÇÃO!B:B,B5,MANUTENÇÃO!C:C,"*PENDENTE MANUTENÇÃO*")>0, "PENDENTE MANUTENÇÃO", IF(E5="ON","COM SINAL","SEM SINAL") ) ) -> PENDENTE MANUTENÇÃO | I5: =IF(ISTEXT(F5), IF(ISNUMBER(FIND("desatualizada",F5)),"DESATUALIZADA",""), _xlfn.LET(_xlpm.x,IF(F5<=1,F5*100,F5), IF(_xlpm.x>=70,"ALTA", IF(_xlpm.x>=30,"REGULAR", IF(_xlpm.x>=15,"BAIXA","CRÍTICA"))))) -> DESATUALIZADA | J5: =IFERROR(VLOOKUP(C5,'SETORES VARRIÇÃO'!H:I,2,FALSE),VLOOKUP(PERFORMANCE!C5,'SETORES PRAÇA'!H:I,2,FALSE)) -> 46003 | K5: =COUNTIF('TROCAS SELIMP'!$C$2:$F$901,PERFORMANCE!B5) -> 5 | L5: =COUNTIFS('HISTORICO GERAL'!$D:D, B5, 'HISTORICO GERAL'!$A:A, ">="&J5, 'HISTORICO GERAL'!$G:G, "ON") -> 8 | M5: =COUNTIFS('HISTORICO GERAL'!$D:D, B5, 'HISTORICO GERAL'!$A:A, ">="&J5, 'HISTORICO GERAL'!$G:G, "OFF") -> 53 | N5: =L5/(L5+M5) -> 0.13114754
A6: CV | B6: CV10304VJ0025 | C6: 03-0003 | D6: Quarta/Sábado | E6: OFF | F6: 100% (Bateria desatualizada) | G6: 18/04/2026 10:07:05 | H6: =IF(COUNTIFS(MANUTENÇÃO!B:B,B6,MANUTENÇÃO!C:C,"*MANUTENÇÃO ATIVA*")>0, "MANUTENÇÃO ATIVA", IF(COUNTIFS(MANUTENÇÃO!B:B,B6,MANUTENÇÃO!C:C,"*PENDENTE MANUTENÇÃO*")>0, "PENDENTE MANUTENÇÃO", IF(E6="ON","COM SINAL","SEM SINAL") ) ) -> SEM SINAL | I6: =IF(ISTEXT(F6), IF(ISNUMBER(FIND("desatualizada",F6)),"DESATUALIZADA",""), _xlfn.LET(_xlpm.x,IF(F6<=1,F6*100,F6), IF(_xlpm.x>=70,"ALTA", IF(_xlpm.x>=30,"REGULAR", IF(_xlpm.x>=15,"BAIXA","CRÍTICA"))))) -> DESATUALIZADA | J6: =IFERROR(VLOOKUP(C6,'SETORES VARRIÇÃO'!H:I,2,FALSE),VLOOKUP(PERFORMANCE!C6,'SETORES PRAÇA'!H:I,2,FALSE)) -> 45994 | K6: =COUNTIF('TROCAS SELIMP'!$C$2:$F$901,PERFORMANCE!B6) -> 1 | L6: =COUNTIFS('HISTORICO GERAL'!$D:D, B6, 'HISTORICO GERAL'!$A:A, ">="&J6, 'HISTORICO GERAL'!$G:G, "ON") -> 42 | M6: =COUNTIFS('HISTORICO GERAL'!$D:D, B6, 'HISTORICO GERAL'!$A:A, ">="&J6, 'HISTORICO GERAL'!$G:G, "OFF") -> 15 | N6: =L6/(L6+M6) -> 0.73684211
A7: JT | B7: JT10304VJ0059 | C7: 03-0004 | D7: Quarta/Sábado | E7: OFF | F7: 23% (Bateria desatualizada) | G7: 11/04/2026 09:37:42 | H7: =IF(COUNTIFS(MANUTENÇÃO!B:B,B7,MANUTENÇÃO!C:C,"*MANUTENÇÃO ATIVA*")>0, "MANUTENÇÃO ATIVA", IF(COUNTIFS(MANUTENÇÃO!B:B,B7,MANUTENÇÃO!C:C,"*PENDENTE MANUTENÇÃO*")>0, "PENDENTE MANUTENÇÃO", IF(E7="ON","COM SINAL","SEM SINAL") ) ) -> PENDENTE MANUTENÇÃO | I7: =IF(ISTEXT(F7), IF(ISNUMBER(FIND("desatualizada",F7)),"DESATUALIZADA",""), _xlfn.LET(_xlpm.x,IF(F7<=1,F7*100,F7), IF(_xlpm.x>=70,"ALTA", IF(_xlpm.x>=30,"REGULAR", IF(_xlpm.x>=15,"BAIXA","CRÍTICA"))))) -> DESATUALIZADA | J7: =IFERROR(VLOOKUP(C7,'SETORES VARRIÇÃO'!H:I,2,FALSE),VLOOKUP(PERFORMANCE!C7,'SETORES PRAÇA'!H:I,2,FALSE)) -> 46008 | K7: =COUNTIF('TROCAS SELIMP'!$C$2:$F$901,PERFORMANCE!B7) -> 8 | L7: =COUNTIFS('HISTORICO GERAL'!$D:D, B7, 'HISTORICO GERAL'!$A:A, ">="&J7, 'HISTORICO GERAL'!$G:G, "ON") -> 10 | M7: =COUNTIFS('HISTORICO GERAL'!$D:D, B7, 'HISTORICO GERAL'!$A:A, ">="&J7, 'HISTORICO GERAL'!$G:G, "OFF") -> 51 | N7: =L7/(L7+M7) -> 0.16393443
A8: JT | B8: JT10202VJ0054 | C8: 03-0005 | D8: Segunda/Quarta/Sexta | E8: OFF | F8: 0% (Bateria desatualizada) | G8: 20/04/2026 11:41:51 | H8: =IF(COUNTIFS(MANUTENÇÃO!B:B,B8,MANUTENÇÃO!C:C,"*MANUTENÇÃO ATIVA*")>0, "MANUTENÇÃO ATIVA", IF(COUNTIFS(MANUTENÇÃO!B:B,B8,MANUTENÇÃO!C:C,"*PENDENTE MANUTENÇÃO*")>0, "PENDENTE MANUTENÇÃO", IF(E8="ON","COM SINAL","SEM SINAL") ) ) -> SEM SINAL | I8: =IF(ISTEXT(F8), IF(ISNUMBER(FIND("desatualizada",F8)),"DESATUALIZADA",""), _xlfn.LET(_xlpm.x,IF(F8<=1,F8*100,F8), IF(_xlpm.x>=70,"ALTA", IF(_xlpm.x>=30,"REGULAR", IF(_xlpm.x>=15,"BAIXA","CRÍTICA"))))) -> DESATUALIZADA | J8: =IFERROR(VLOOKUP(C8,'SETORES VARRIÇÃO'!H:I,2,FALSE),VLOOKUP(PERFORMANCE!C8,'SETORES PRAÇA'!H:I,2,FALSE)) -> 46007 | K8: =COUNTIF('TROCAS SELIMP'!$C$2:$F$901,PERFORMANCE!B8) -> 3 | L8: =COUNTIFS('HISTORICO GERAL'!$D:D, B8, 'HISTORICO GERAL'!$A:A, ">="&J8, 'HISTORICO GERAL'!$G:G, "ON") -> 51 | M8: =COUNTIFS('HISTORICO GERAL'!$D:D, B8, 'HISTORICO GERAL'!$A:A, ">="&J8, 'HISTORICO GERAL'!$G:G, "OFF") -> 9 | N8: =L8/(L8+M8) -> 0.85
A9: MG | B9: MG10101VJ0006 | C9: 03-0006 | D9: Segunda a Domingo | E9: OFF | F9: 0% (Bateria desatualizada) | G9: 19/04/2026 12:13:18 | H9: =IF(COUNTIFS(MANUTENÇÃO!B:B,B9,MANUTENÇÃO!C:C,"*MANUTENÇÃO ATIVA*")>0, "MANUTENÇÃO ATIVA", IF(COUNTIFS(MANUTENÇÃO!B:B,B9,MANUTENÇÃO!C:C,"*PENDENTE MANUTENÇÃO*")>0, "PENDENTE MANUTENÇÃO", IF(E9="ON","COM SINAL","SEM SINAL") ) ) -> SEM SINAL | I9: =IF(ISTEXT(F9), IF(ISNUMBER(FIND("desatualizada",F9)),"DESATUALIZADA",""), _xlfn.LET(_xlpm.x,IF(F9<=1,F9*100,F9), IF(_xlpm.x>=70,"ALTA", IF(_xlpm.x>=30,"REGULAR", IF(_xlpm.x>=15,"BAIXA","CRÍTICA"))))) -> DESATUALIZADA | J9: =IFERROR(VLOOKUP(C9,'SETORES VARRIÇÃO'!H:I,2,FALSE),VLOOKUP(PERFORMANCE!C9,'SETORES PRAÇA'!H:I,2,FALSE)) -> 46004 | K9: =COUNTIF('TROCAS SELIMP'!$C$2:$F$901,PERFORMANCE!B9) -> 7 | L9: =COUNTIFS('HISTORICO GERAL'!$D:D, B9, 'HISTORICO GERAL'!$A:A, ">="&J9, 'HISTORICO GERAL'!$G:G, "ON") -> 49 | M9: =COUNTIFS('HISTORICO GERAL'!$D:D, B9, 'HISTORICO GERAL'!$A:A, ">="&J9, 'HISTORICO GERAL'!$G:G, "OFF") -> 10 | N9: =L9/(L9+M9) -> 0.83050847
A10: JT | B10: JT10304VJ0048 | C10: 03-0007 | D10: Quarta/Sábado | E10: ON | F10: 1 | G10: 04/05/2026 14:03:06 | H10: =IF(COUNTIFS(MANUTENÇÃO!B:B,B10,MANUTENÇÃO!C:C,"*MANUTENÇÃO ATIVA*")>0, "MANUTENÇÃO ATIVA", IF(COUNTIFS(MANUTENÇÃO!B:B,B10,MANUTENÇÃO!C:C,"*PENDENTE MANUTENÇÃO*")>0, "PENDENTE MANUTENÇÃO", IF(E10="ON","COM SINAL","SEM SINAL") ) ) -> COM SINAL | I10: =IF(ISTEXT(F10), IF(ISNUMBER(FIND("desatualizada",F10)),"DESATUALIZADA",""), _xlfn.LET(_xlpm.x,IF(F10<=1,F10*100,F10), IF(_xlpm.x>=70,"ALTA", IF(_xlpm.x>=30,"REGULAR", IF(_xlpm.x>=15,"BAIXA","CRÍTICA"))))) -> ALTA | J10: =IFERROR(VLOOKUP(C10,'SETORES VARRIÇÃO'!H:I,2,FALSE),VLOOKUP(PERFORMANCE!C10,'SETORES PRAÇA'!H:I,2,FALSE)) -> 46001 | K10: =COUNTIF('TROCAS SELIMP'!$C$2:$F$901,PERFORMANCE!B10) -> 8 | L10: =COUNTIFS('HISTORICO GERAL'!$D:D, B10, 'HISTORICO GERAL'!$A:A, ">="&J10, 'HISTORICO GERAL'!$G:G, "ON") -> 48 | M10: =COUNTIFS('HISTORICO GERAL'!$D:D, B10, 'HISTORICO GERAL'!$A:A, ">="&J10, 'HISTORICO GERAL'!$G:G, "OFF") -> 10 | N10: =L10/(L10+M10) -> 0.82758621
A11: JT | B11: JT10303VJ0036 | C11: 03-0008 | D11: Terça/Sexta | E11: OFF | F11: 54% (Bateria desatualizada) | G11: 03/04/2026 10:49:44 | H11: =IF(COUNTIFS(MANUTENÇÃO!B:B,B11,MANUTENÇÃO!C:C,"*MANUTENÇÃO ATIVA*")>0, "MANUTENÇÃO ATIVA", IF(COUNTIFS(MANUTENÇÃO!B:B,B11,MANUTENÇÃO!C:C,"*PENDENTE MANUTENÇÃO*")>0, "PENDENTE MANUTENÇÃO", IF(E11="ON","COM SINAL","SEM SINAL") ) ) -> PENDENTE MANUTENÇÃO | I11: =IF(ISTEXT(F11), IF(ISNUMBER(FIND("desatualizada",F11)),"DESATUALIZADA",""), _xlfn.LET(_xlpm.x,IF(F11<=1,F11*100,F11), IF(_xlpm.x>=70,"ALTA", IF(_xlpm.x>=30,"REGULAR", IF(_xlpm.x>=15,"BAIXA","CRÍTICA"))))) -> DESATUALIZADA | J11: =IFERROR(VLOOKUP(C11,'SETORES VARRIÇÃO'!H:I,2,FALSE),VLOOKUP(PERFORMANCE!C11,'SETORES PRAÇA'!H:I,2,FALSE)) -> 46000 | K11: =COUNTIF('TROCAS SELIMP'!$C$2:$F$901,PERFORMANCE!B11) -> 8 | L11: =COUNTIFS('HISTORICO GERAL'!$D:D, B11, 'HISTORICO GERAL'!$A:A, ">="&J11, 'HISTORICO GERAL'!$G:G, "ON") -> 25 | M11: =COUNTIFS('HISTORICO GERAL'!$D:D, B11, 'HISTORICO GERAL'!$A:A, ">="&J11, 'HISTORICO GERAL'!$G:G, "OFF") -> 36 | N11: =L11/(L11+M11) -> 0.40983607
A12: MG | B12: MG10101VJ0009 | C12: 03-0009 | D12: Segunda a Domingo | E12: OFF | F12: 24% (Bateria desatualizada) | G12: 12/04/2026 11:12:44 | H12: =IF(COUNTIFS(MANUTENÇÃO!B:B,B12,MANUTENÇÃO!C:C,"*MANUTENÇÃO ATIVA*")>0, "MANUTENÇÃO ATIVA", IF(COUNTIFS(MANUTENÇÃO!B:B,B12,MANUTENÇÃO!C:C,"*PENDENTE MANUTENÇÃO*")>0, "PENDENTE MANUTENÇÃO", IF(E12="ON","COM SINAL","SEM SINAL") ) ) -> SEM SINAL | I12: =IF(ISTEXT(F12), IF(ISNUMBER(FIND("desatualizada",F12)),"DESATUALIZADA",""), _xlfn.LET(_xlpm.x,IF(F12<=1,F12*100,F12), IF(_xlpm.x>=70,"ALTA", IF(_xlpm.x>=30,"REGULAR", IF(_xlpm.x>=15,"BAIXA","CRÍTICA"))))) -> DESATUALIZADA | J12: =IFERROR(VLOOKUP(C12,'SETORES VARRIÇÃO'!H:I,2,FALSE),VLOOKUP(PERFORMANCE!C12,'SETORES PRAÇA'!H:I,2,FALSE)) -> 46004 | K12: =COUNTIF('TROCAS SELIMP'!$C$2:$F$901,PERFORMANCE!B12) -> 7 | L12: =COUNTIFS('HISTORICO GERAL'!$D:D, B12, 'HISTORICO GERAL'!$A:A, ">="&J12, 'HISTORICO GERAL'!$G:G, "ON") -> 41 | M12: =COUNTIFS('HISTORICO GERAL'!$D:D, B12, 'HISTORICO GERAL'!$A:A, ">="&J12, 'HISTORICO GERAL'!$G:G, "OFF") -> 19 | N12: =L12/(L12+M12) -> 0.68333333
A13: CV | B13: CV10304VJ0027 | C13: 03-0010 | D13: Quarta/Sábado | E13: OFF | F13: 0% (Bateria desatualizada) | G13: 18/03/2026 11:13:36 | H13: =IF(COUNTIFS(MANUTENÇÃO!B:B,B13,MANUTENÇÃO!C:C,"*MANUTENÇÃO ATIVA*")>0, "MANUTENÇÃO ATIVA", IF(COUNTIFS(MANUTENÇÃO!B:B,B13,MANUTENÇÃO!C:C,"*PENDENTE MANUTENÇÃO*")>0, "PENDENTE MANUTENÇÃO", IF(E13="ON","COM SINAL","SEM SINAL") ) ) -> PENDENTE MANUTENÇÃO | I13: =IF(ISTEXT(F13), IF(ISNUMBER(FIND("desatualizada",F13)),"DESATUALIZADA",""), _xlfn.LET(_xlpm.x,IF(F13<=1,F13*100,F13), IF(_xlpm.x>=70,"ALTA", IF(_xlpm.x>=30,"REGULAR", IF(_xlpm.x>=15,"BAIXA","CRÍTICA"))))) -> DESATUALIZADA | J13: =IFERROR(VLOOKUP(C13,'SETORES VARRIÇÃO'!H:I,2,FALSE),VLOOKUP(PERFORMANCE!C13,'SETORES PRAÇA'!H:I,2,FALSE)) -> 45994 | K13: =COUNTIF('TROCAS SELIMP'!$C$2:$F$901,PERFORMANCE!B13) -> 6 | L13: =COUNTIFS('HISTORICO GERAL'!$D:D, B13, 'HISTORICO GERAL'!$A:A, ">="&J13, 'HISTORICO GERAL'!$G:G, "ON") -> 8 | M13: =COUNTIFS('HISTORICO GERAL'!$D:D, B13, 'HISTORICO GERAL'!$A:A, ">="&J13, 'HISTORICO GERAL'!$G:G, "OFF") -> 52 | N13: =L13/(L13+M13) -> 0.13333333
A14: CV | B14: CV10203VJ0051 | C14: 03-0011 | D14: Terça/Quinta/Sábado | E14: ON | F14: 0.64 | G14: 04/05/2026 13:56:54 | H14: =IF(COUNTIFS(MANUTENÇÃO!B:B,B14,MANUTENÇÃO!C:C,"*MANUTENÇÃO ATIVA*")>0, "MANUTENÇÃO ATIVA", IF(COUNTIFS(MANUTENÇÃO!B:B,B14,MANUTENÇÃO!C:C,"*PENDENTE MANUTENÇÃO*")>0, "PENDENTE MANUTENÇÃO", IF(E14="ON","COM SINAL","SEM SINAL") ) ) -> COM SINAL | I14: =IF(ISTEXT(F14), IF(ISNUMBER(FIND("desatualizada",F14)),"DESATUALIZADA",""), _xlfn.LET(_xlpm.x,IF(F14<=1,F14*100,F14), IF(_xlpm.x>=70,"ALTA", IF(_xlpm.x>=30,"REGULAR", IF(_xlpm.x>=15,"BAIXA","CRÍTICA"))))) -> REGULAR | J14: =IFERROR(VLOOKUP(C14,'SETORES VARRIÇÃO'!H:I,2,FALSE),VLOOKUP(PERFORMANCE!C14,'SETORES PRAÇA'!H:I,2,FALSE)) -> 45993 | K14: =COUNTIF('TROCAS SELIMP'!$C$2:$F$901,PERFORMANCE!B14) -> 4 | L14: =COUNTIFS('HISTORICO GERAL'!$D:D, B14, 'HISTORICO GERAL'!$A:A, ">="&J14, 'HISTORICO GERAL'!$G:G, "ON") -> 54 | M14: =COUNTIFS('HISTORICO GERAL'!$D:D, B14, 'HISTORICO GERAL'!$A:A, ">="&J14, 'HISTORICO GERAL'!$G:G, "OFF") -> 5 | N14: =L14/(L14+M14) -> 0.91525424
A15: CV | B15: CV10203VJ0052 | C15: 03-0012 | D15: Terça/Quinta/Sábado | E15: OFF | F15: 0% (Bateria desatualizada) | G15: 30/04/2026 00:43:36 | H15: =IF(COUNTIFS(MANUTENÇÃO!B:B,B15,MANUTENÇÃO!C:C,"*MANUTENÇÃO ATIVA*")>0, "MANUTENÇÃO ATIVA", IF(COUNTIFS(MANUTENÇÃO!B:B,B15,MANUTENÇÃO!C:C,"*PENDENTE MANUTENÇÃO*")>0, "PENDENTE MANUTENÇÃO", IF(E15="ON","COM SINAL","SEM SINAL") ) ) -> SEM SINAL | I15: =IF(ISTEXT(F15), IF(ISNUMBER(FIND("desatualizada",F15)),"DESATUALIZADA",""), _xlfn.LET(_xlpm.x,IF(F15<=1,F15*100,F15), IF(_xlpm.x>=70,"ALTA", IF(_xlpm.x>=30,"REGULAR", IF(_xlpm.x>=15,"BAIXA","CRÍTICA"))))) -> DESATUALIZADA | J15: =IFERROR(VLOOKUP(C15,'SETORES VARRIÇÃO'!H:I,2,FALSE),VLOOKUP(PERFORMANCE!C15,'SETORES PRAÇA'!H:I,2,FALSE)) -> 45993 | K15: =COUNTIF('TROCAS SELIMP'!$C$2:$F$901,PERFORMANCE!B15) -> 3 | L15: =COUNTIFS('HISTORICO GERAL'!$D:D, B15, 'HISTORICO GERAL'!$A:A, ">="&J15, 'HISTORICO GERAL'!$G:G, "ON") -> 56 | M15: =COUNTIFS('HISTORICO GERAL'!$D:D, B15, 'HISTORICO GERAL'!$A:A, ">="&J15, 'HISTORICO GERAL'!$G:G, "OFF") -> 5 | N15: =L15/(L15+M15) -> 0.91803279
A16: MG | B16: MG10101VJ0013 | C16: 03-0013 | D16: Segunda a Domingo | E16: ON | F16: 0.17 | G16: 04/05/2026 14:20:11 | H16: =IF(COUNTIFS(MANUTENÇÃO!B:B,B16,MANUTENÇÃO!C:C,"*MANUTENÇÃO ATIVA*")>0, "MANUTENÇÃO ATIVA", IF(COUNTIFS(MANUTENÇÃO!B:B,B16,MANUTENÇÃO!C:C,"*PENDENTE MANUTENÇÃO*")>0, "PENDENTE MANUTENÇÃO", IF(E16="ON","COM SINAL","SEM SINAL") ) ) -> COM SINAL | I16: =IF(ISTEXT(F16), IF(ISNUMBER(FIND("desatualizada",F16)),"DESATUALIZADA",""), _xlfn.LET(_xlpm.x,IF(F16<=1,F16*100,F16), IF(_xlpm.x>=70,"ALTA", IF(_xlpm.x>=30,"REGULAR", IF(_xlpm.x>=15,"BAIXA","CRÍTICA"))))) -> BAIXA | J16: =IFERROR(VLOOKUP(C16,'SETORES VARRIÇÃO'!H:I,2,FALSE),VLOOKUP(PERFORMANCE!C16,'SETORES PRAÇA'!H:I,2,FALSE)) -> 46004 | K16: =COUNTIF('TROCAS SELIMP'!$C$2:$F$901,PERFORMANCE!B16) -> 8 | L16: =COUNTIFS('HISTORICO GERAL'!$D:D, B16, 'HISTORICO GERAL'!$A:A, ">="&J16, 'HISTORICO GERAL'!$G:G, "ON") -> 58 | M16: =COUNTIFS('HISTORICO GERAL'!$D:D, B16, 'HISTORICO GERAL'!$A:A, ">="&J16, 'HISTORICO GERAL'!$G:G, "OFF") -> 2 | N16: =L16/(L16+M16) -> 0.96666667
A17: JT | B17: JT10302VJ0011 | C17: 03-0014 | D17: Segunda/Quinta | E17: ON | F17: 0.28 | G17: 04/05/2026 14:10:20 | H17: =IF(COUNTIFS(MANUTENÇÃO!B:B,B17,MANUTENÇÃO!C:C,"*MANUTENÇÃO ATIVA*")>0, "MANUTENÇÃO ATIVA", IF(COUNTIFS(MANUTENÇÃO!B:B,B17,MANUTENÇÃO!C:C,"*PENDENTE MANUTENÇÃO*")>0, "PENDENTE MANUTENÇÃO", IF(E17="ON","COM SINAL","SEM SINAL") ) ) -> COM SINAL | I17: =IF(ISTEXT(F17), IF(ISNUMBER(FIND("desatualizada",F17)),"DESATUALIZADA",""), _xlfn.LET(_xlpm.x,IF(F17<=1,F17*100,F17), IF(_xlpm.x>=70,"ALTA", IF(_xlpm.x>=30,"REGULAR", IF(_xlpm.x>=15,"BAIXA","CRÍTICA"))))) -> BAIXA | J17: =IFERROR(VLOOKUP(C17,'SETORES VARRIÇÃO'!H:I,2,FALSE),VLOOKUP(PERFORMANCE!C17,'SETORES PRAÇA'!H:I,2,FALSE)) -> 46002 | K17: =COUNTIF('TROCAS SELIMP'!$C$2:$F$901,PERFORMANCE!B17) -> 5 | L17: =COUNTIFS('HISTORICO GERAL'!$D:D, B17, 'HISTORICO GERAL'!$A:A, ">="&J17, 'HISTORICO GERAL'!$G:G, "ON") -> 52 | M17: =COUNTIFS('HISTORICO GERAL'!$D:D, B17, 'HISTORICO GERAL'!$A:A, ">="&J17, 'HISTORICO GERAL'!$G:G, "OFF") -> 8 | N17: =L17/(L17+M17) -> 0.86666667
A18: CV | B18: CV10203VJ0057 | C18: 03-0015 | D18: Terça/Quinta/Sábado | E18: ON | F18: 0.61 | G18: 04/05/2026 14:13:57 | H18: =IF(COUNTIFS(MANUTENÇÃO!B:B,B18,MANUTENÇÃO!C:C,"*MANUTENÇÃO ATIVA*")>0, "MANUTENÇÃO ATIVA", IF(COUNTIFS(MANUTENÇÃO!B:B,B18,MANUTENÇÃO!C:C,"*PENDENTE MANUTENÇÃO*")>0, "PENDENTE MANUTENÇÃO", IF(E18="ON","COM SINAL","SEM SINAL") ) ) -> COM SINAL | I18: =IF(ISTEXT(F18), IF(ISNUMBER(FIND("desatualizada",F18)),"DESATUALIZADA",""), _xlfn.LET(_xlpm.x,IF(F18<=1,F18*100,F18), IF(_xlpm.x>=70,"ALTA", IF(_xlpm.x>=30,"REGULAR", IF(_xlpm.x>=15,"BAIXA","CRÍTICA"))))) -> REGULAR | J18: =IFERROR(VLOOKUP(C18,'SETORES VARRIÇÃO'!H:I,2,FALSE),VLOOKUP(PERFORMANCE!C18,'SETORES PRAÇA'!H:I,2,FALSE)) -> 45993 | K18: =COUNTIF('TROCAS SELIMP'!$C$2:$F$901,PERFORMANCE!B18) -> 4 | L18: =COUNTIFS('HISTORICO GERAL'!$D:D, B18, 'HISTORICO GERAL'!$A:A, ">="&J18, 'HISTORICO GERAL'!$G:G, "ON") -> 57 | M18: =COUNTIFS('HISTORICO GERAL'!$D:D, B18, 'HISTORICO GERAL'!$A:A, ">="&J18, 'HISTORICO GERAL'!$G:G, "OFF") -> 2 | N18: =L18/(L18+M18) -> 0.96610169
A19: JT | B19: JT10304VJ0050 | C19: 03-0016 | D19: Quarta/Sábado | E19: ON | F19: 0.44 | G19: 04/05/2026 14:15:51 | H19: =IF(COUNTIFS(MANUTENÇÃO!B:B,B19,MANUTENÇÃO!C:C,"*MANUTENÇÃO ATIVA*")>0, "MANUTENÇÃO ATIVA", IF(COUNTIFS(MANUTENÇÃO!B:B,B19,MANUTENÇÃO!C:C,"*PENDENTE MANUTENÇÃO*")>0, "PENDENTE MANUTENÇÃO", IF(E19="ON","COM SINAL","SEM SINAL") ) ) -> COM SINAL | I19: =IF(ISTEXT(F19), IF(ISNUMBER(FIND("desatualizada",F19)),"DESATUALIZADA",""), _xlfn.LET(_xlpm.x,IF(F19<=1,F19*100,F19), IF(_xlpm.x>=70,"ALTA", IF(_xlpm.x>=30,"REGULAR", IF(_xlpm.x>=15,"BAIXA","CRÍTICA"))))) -> REGULAR | J19: =IFERROR(VLOOKUP(C19,'SETORES VARRIÇÃO'!H:I,2,FALSE),VLOOKUP(PERFORMANCE!C19,'SETORES PRAÇA'!H:I,2,FALSE)) -> 46001 | K19: =COUNTIF('TROCAS SELIMP'!$C$2:$F$901,PERFORMANCE!B19) -> 3 | L19: =COUNTIFS('HISTORICO GERAL'!$D:D, B19, 'HISTORICO GERAL'!$A:A, ">="&J19, 'HISTORICO GERAL'!$G:G, "ON") -> 55 | M19: =COUNTIFS('HISTORICO GERAL'!$D:D, B19, 'HISTORICO GERAL'!$A:A, ">="&J19, 'HISTORICO GERAL'!$G:G, "OFF") -> 4 | N19: =L19/(L19+M19) -> 0.93220339
A20: MG | B20: MG10101VJ0012 | C20: 03-0017 | D20: Segunda a Domingo | E20: ON | F20: 0.39 | G20: 04/05/2026 14:19:43 | H20: =IF(COUNTIFS(MANUTENÇÃO!B:B,B20,MANUTENÇÃO!C:C,"*MANUTENÇÃO ATIVA*")>0, "MANUTENÇÃO ATIVA", IF(COUNTIFS(MANUTENÇÃO!B:B,B20,MANUTENÇÃO!C:C,"*PENDENTE MANUTENÇÃO*")>0, "PENDENTE MANUTENÇÃO", IF(E20="ON","COM SINAL","SEM SINAL") ) ) -> COM SINAL | I20: =IF(ISTEXT(F20), IF(ISNUMBER(FIND("desatualizada",F20)),"DESATUALIZADA",""), _xlfn.LET(_xlpm.x,IF(F20<=1,F20*100,F20), IF(_xlpm.x>=70,"ALTA", IF(_xlpm.x>=30,"REGULAR", IF(_xlpm.x>=15,"BAIXA","CRÍTICA"))))) -> REGULAR | J20: =IFERROR(VLOOKUP(C20,'SETORES VARRIÇÃO'!H:I,2,FALSE),VLOOKUP(PERFORMANCE!C20,'SETORES PRAÇA'!H:I,2,FALSE)) -> 46004 | K20: =COUNTIF('TROCAS SELIMP'!$C$2:$F$901,PERFORMANCE!B20) -> 6 | L20: =COUNTIFS('HISTORICO GERAL'!$D:D, B20, 'HISTORICO GERAL'!$A:A, ">="&J20, 'HISTORICO GERAL'!$G:G, "ON") -> 55 | M20: =COUNTIFS('HISTORICO GERAL'!$D:D, B20, 'HISTORICO GERAL'!$A:A, ">="&J20, 'HISTORICO GERAL'!$G:G, "OFF") -> 5 | N20: =L20/(L20+M20) -> 0.91666667
A21: JT | B21: JT10302VJ0010 | C21: 03-0018 | D21: Segunda/Quinta | E21: ON | F21: 0.13 | G21: 04/05/2026 14:07:50 | H21: =IF(COUNTIFS(MANUTENÇÃO!B:B,B21,MANUTENÇÃO!C:C,"*MANUTENÇÃO ATIVA*")>0, "MANUTENÇÃO ATIVA", IF(COUNTIFS(MANUTENÇÃO!B:B,B21,MANUTENÇÃO!C:C,"*PENDENTE MANUTENÇÃO*")>0, "PENDENTE MANUTENÇÃO", IF(E21="ON","COM SINAL","SEM SINAL") ) ) -> COM SINAL | I21: =IF(ISTEXT(F21), IF(ISNUMBER(FIND("desatualizada",F21)),"DESATUALIZADA",""), _xlfn.LET(_xlpm.x,IF(F21<=1,F21*100,F21), IF(_xlpm.x>=70,"ALTA", IF(_xlpm.x>=30,"REGULAR", IF(_xlpm.x>=15,"BAIXA","CRÍTICA"))))) -> CRÍTICA | J21: =IFERROR(VLOOKUP(C21,'SETORES VARRIÇÃO'!H:I,2,FALSE),VLOOKUP(PERFORMANCE!C21,'SETORES PRAÇA'!H:I,2,FALSE)) -> 46002 | K21: =COUNTIF('TROCAS SELIMP'!$C$2:$F$901,PERFORMANCE!B21) -> 4 | L21: =COUNTIFS('HISTORICO GERAL'!$D:D, B21, 'HISTORICO GERAL'!$A:A, ">="&J21, 'HISTORICO GERAL'!$G:G, "ON") -> 56 | M21: =COUNTIFS('HISTORICO GERAL'!$D:D, B21, 'HISTORICO GERAL'!$A:A, ">="&J21, 'HISTORICO GERAL'!$G:G, "OFF") -> 4 | N21: =L21/(L21+M21) -> 0.93333333
A22: JT | B22: JT10304VJ0049 | C22: 03-0019 | D22: Quarta/Sábado | E22: ON | F22: 0.19 | G22: 04/05/2026 13:59:57 | H22: =IF(COUNTIFS(MANUTENÇÃO!B:B,B22,MANUTENÇÃO!C:C,"*MANUTENÇÃO ATIVA*")>0, "MANUTENÇÃO ATIVA", IF(COUNTIFS(MANUTENÇÃO!B:B,B22,MANUTENÇÃO!C:C,"*PENDENTE MANUTENÇÃO*")>0, "PENDENTE MANUTENÇÃO", IF(E22="ON","COM SINAL","SEM SINAL") ) ) -> COM SINAL | I22: =IF(ISTEXT(F22), IF(ISNUMBER(FIND("desatualizada",F22)),"DESATUALIZADA",""), _xlfn.LET(_xlpm.x,IF(F22<=1,F22*100,F22), IF(_xlpm.x>=70,"ALTA", IF(_xlpm.x>=30,"REGULAR", IF(_xlpm.x>=15,"BAIXA","CRÍTICA"))))) -> BAIXA | J22: =IFERROR(VLOOKUP(C22,'SETORES VARRIÇÃO'!H:I,2,FALSE),VLOOKUP(PERFORMANCE!C22,'SETORES PRAÇA'!H:I,2,FALSE)) -> 46001 | K22: =COUNTIF('TROCAS SELIMP'!$C$2:$F$901,PERFORMANCE!B22) -> 2 | L22: =COUNTIFS('HISTORICO GERAL'!$D:D, B22, 'HISTORICO GERAL'!$A:A, ">="&J22, 'HISTORICO GERAL'!$G:G, "ON") -> 59 | M22: =COUNTIFS('HISTORICO GERAL'!$D:D, B22, 'HISTORICO GERAL'!$A:A, ">="&J22, 'HISTORICO GERAL'!$G:G, "OFF") -> 0 | N22: =L22/(L22+M22) -> 1
A23: CV | B23: CV10304VJ0026 | C23: 03-0020 | D23: Quarta/Sábado | E23: OFF | F23: 9% (Bateria desatualizada) | G23: 08/04/2026 09:53:41 | H23: =IF(COUNTIFS(MANUTENÇÃO!B:B,B23,MANUTENÇÃO!C:C,"*MANUTENÇÃO ATIVA*")>0, "MANUTENÇÃO ATIVA", IF(COUNTIFS(MANUTENÇÃO!B:B,B23,MANUTENÇÃO!C:C,"*PENDENTE MANUTENÇÃO*")>0, "PENDENTE MANUTENÇÃO", IF(E23="ON","COM SINAL","SEM SINAL") ) ) -> PENDENTE MANUTENÇÃO | I23: =IF(ISTEXT(F23), IF(ISNUMBER(FIND("desatualizada",F23)),"DESATUALIZADA",""), _xlfn.LET(_xlpm.x,IF(F23<=1,F23*100,F23), IF(_xlpm.x>=70,"ALTA", IF(_xlpm.x>=30,"REGULAR", IF(_xlpm.x>=15,"BAIXA","CRÍTICA"))))) -> DESATUALIZADA | J23: =IFERROR(VLOOKUP(C23,'SETORES VARRIÇÃO'!H:I,2,FALSE),VLOOKUP(PERFORMANCE!C23,'SETORES PRAÇA'!H:I,2,FALSE)) -> 45997 | K23: =COUNTIF('TROCAS SELIMP'!$C$2:$F$901,PERFORMANCE!B23) -> 7 | L23: =COUNTIFS('HISTORICO GERAL'!$D:D, B23, 'HISTORICO GERAL'!$A:A, ">="&J23, 'HISTORICO GERAL'!$G:G, "ON") -> 9 | M23: =COUNTIFS('HISTORICO GERAL'!$D:D, B23, 'HISTORICO GERAL'!$A:A, ">="&J23, 'HISTORICO GERAL'!$G:G, "OFF") -> 52 | N23: =L23/(L23+M23) -> 0.14754098
A24: MG | B24: MG10101VJ0008 | C24: 03-0021 | D24: Segunda a Domingo | E24: ON | F24: 0.39 | G24: 04/05/2026 14:20:27 | H24: =IF(COUNTIFS(MANUTENÇÃO!B:B,B24,MANUTENÇÃO!C:C,"*MANUTENÇÃO ATIVA*")>0, "MANUTENÇÃO ATIVA", IF(COUNTIFS(MANUTENÇÃO!B:B,B24,MANUTENÇÃO!C:C,"*PENDENTE MANUTENÇÃO*")>0, "PENDENTE MANUTENÇÃO", IF(E24="ON","COM SINAL","SEM SINAL") ) ) -> COM SINAL | I24: =IF(ISTEXT(F24), IF(ISNUMBER(FIND("desatualizada",F24)),"DESATUALIZADA",""), _xlfn.LET(_xlpm.x,IF(F24<=1,F24*100,F24), IF(_xlpm.x>=70,"ALTA", IF(_xlpm.x>=30,"REGULAR", IF(_xlpm.x>=15,"BAIXA","CRÍTICA"))))) -> REGULAR | J24: =IFERROR(VLOOKUP(C24,'SETORES VARRIÇÃO'!H:I,2,FALSE),VLOOKUP(PERFORMANCE!C24,'SETORES PRAÇA'!H:I,2,FALSE)) -> 46004 | K24: =COUNTIF('TROCAS SELIMP'!$C$2:$F$901,PERFORMANCE!B24) -> 7 | L24: =COUNTIFS('HISTORICO GERAL'!$D:D, B24, 'HISTORICO GERAL'!$A:A, ">="&J24, 'HISTORICO GERAL'!$G:G, "ON") -> 56 | M24: =COUNTIFS('HISTORICO GERAL'!$D:D, B24, 'HISTORICO GERAL'!$A:A, ">="&J24, 'HISTORICO GERAL'!$G:G, "OFF") -> 3 | N24: =L24/(L24+M24) -> 0.94915254
A25: CV | B25: CV10203VJ0056 | C25: 03-0022 | D25: Terça/Quinta/Sábado | E25: OFF | F25: 17% (Bateria desatualizada) | G25: 09/04/2026 20:02:43 | H25: =IF(COUNTIFS(MANUTENÇÃO!B:B,B25,MANUTENÇÃO!C:C,"*MANUTENÇÃO ATIVA*")>0, "MANUTENÇÃO ATIVA", IF(COUNTIFS(MANUTENÇÃO!B:B,B25,MANUTENÇÃO!C:C,"*PENDENTE MANUTENÇÃO*")>0, "PENDENTE MANUTENÇÃO", IF(E25="ON","COM SINAL","SEM SINAL") ) ) -> SEM SINAL | I25: =IF(ISTEXT(F25), IF(ISNUMBER(FIND("desatualizada",F25)),"DESATUALIZADA",""), _xlfn.LET(_xlpm.x,IF(F25<=1,F25*100,F25), IF(_xlpm.x>=70,"ALTA", IF(_xlpm.x>=30,"REGULAR", IF(_xlpm.x>=15,"BAIXA","CRÍTICA"))))) -> DESATUALIZADA | J25: =IFERROR(VLOOKUP(C25,'SETORES VARRIÇÃO'!H:I,2,FALSE),VLOOKUP(PERFORMANCE!C25,'SETORES PRAÇA'!H:I,2,FALSE)) -> 45993 | K25: =COUNTIF('TROCAS SELIMP'!$C$2:$F$901,PERFORMANCE!B25) -> 8 | L25: =COUNTIFS('HISTORICO GERAL'!$D:D, B25, 'HISTORICO GERAL'!$A:A, ">="&J25, 'HISTORICO GERAL'!$G:G, "ON") -> 36 | M25: =COUNTIFS('HISTORICO GERAL'!$D:D, B25, 'HISTORICO GERAL'!$A:A, ">="&J25, 'HISTORICO GERAL'!$G:G, "OFF") -> 25 | N25: =L25/(L25+M25) -> 0.59016393
A26: JT | B26: JT10102VJ0003 | C26: 03-0023 | D26: Segunda a Domingo | E26: OFF | F26: 9% (Bateria desatualizada) | G26: 19/04/2026 13:54:11 | H26: =IF(COUNTIFS(MANUTENÇÃO!B:B,B26,MANUTENÇÃO!C:C,"*MANUTENÇÃO ATIVA*")>0, "MANUTENÇÃO ATIVA", IF(COUNTIFS(MANUTENÇÃO!B:B,B26,MANUTENÇÃO!C:C,"*PENDENTE MANUTENÇÃO*")>0, "PENDENTE MANUTENÇÃO", IF(E26="ON","COM SINAL","SEM SINAL") ) ) -> SEM SINAL | I26: =IF(ISTEXT(F26), IF(ISNUMBER(FIND("desatualizada",F26)),"DESATUALIZADA",""), _xlfn.LET(_xlpm.x,IF(F26<=1,F26*100,F26), IF(_xlpm.x>=70,"ALTA", IF(_xlpm.x>=30,"REGULAR", IF(_xlpm.x>=15,"BAIXA","CRÍTICA"))))) -> DESATUALIZADA | J26: =IFERROR(VLOOKUP(C26,'SETORES VARRIÇÃO'!H:I,2,FALSE),VLOOKUP(PERFORMANCE!C26,'SETORES PRAÇA'!H:I,2,FALSE)) -> 46006 | K26: =COUNTIF('TROCAS SELIMP'!$C$2:$F$901,PERFORMANCE!B26) -> 6 | L26: =COUNTIFS('HISTORICO GERAL'!$D:D, B26, 'HISTORICO GERAL'!$A:A, ">="&J26, 'HISTORICO GERAL'!$G:G, "ON") -> 50 | M26: =COUNTIFS('HISTORICO GERAL'!$D:D, B26, 'HISTORICO GERAL'!$A:A, ">="&J26, 'HISTORICO GERAL'!$G:G, "OFF") -> 9 | N26: =L26/(L26+M26) -> 0.84745763
A27: JT | B27: JT10304VJ0046 | C27: 03-0024 | D27: Quarta/Sábado | E27: OFF | F27: 0% (Bateria desatualizada) | G27: 23/04/2026 12:29:22 | H27: =IF(COUNTIFS(MANUTENÇÃO!B:B,B27,MANUTENÇÃO!C:C,"*MANUTENÇÃO ATIVA*")>0, "MANUTENÇÃO ATIVA", IF(COUNTIFS(MANUTENÇÃO!B:B,B27,MANUTENÇÃO!C:C,"*PENDENTE MANUTENÇÃO*")>0, "PENDENTE MANUTENÇÃO", IF(E27="ON","COM SINAL","SEM SINAL") ) ) -> SEM SINAL | I27: =IF(ISTEXT(F27), IF(ISNUMBER(FIND("desatualizada",F27)),"DESATUALIZADA",""), _xlfn.LET(_xlpm.x,IF(F27<=1,F27*100,F27), IF(_xlpm.x>=70,"ALTA", IF(_xlpm.x>=30,"REGULAR", IF(_xlpm.x>=15,"BAIXA","CRÍTICA"))))) -> DESATUALIZADA | J27: =IFERROR(VLOOKUP(C27,'SETORES VARRIÇÃO'!H:I,2,FALSE),VLOOKUP(PERFORMANCE!C27,'SETORES PRAÇA'!H:I,2,FALSE)) -> 46001 | K27: =COUNTIF('TROCAS SELIMP'!$C$2:$F$901,PERFORMANCE!B27) -> 4 | L27: =COUNTIFS('HISTORICO GERAL'!$D:D, B27, 'HISTORICO GERAL'!$A:A, ">="&J27, 'HISTORICO GERAL'!$G:G, "ON") -> 50 | M27: =COUNTIFS('HISTORICO GERAL'!$D:D, B27, 'HISTORICO GERAL'!$A:A, ">="&J27, 'HISTORICO GERAL'!$G:G, "OFF") -> 9 | N27: =L27/(L27+M27) -> 0.84745763
A28: JT | B28: JT10101VL0001 | C28: 03-0026 | D28: Segunda a Domingo | E28: OFF | F28: 0% (Bateria desatualizada) | G28: 18/04/2026 16:00:19 | H28: =IF(COUNTIFS(MANUTENÇÃO!B:B,B28,MANUTENÇÃO!C:C,"*MANUTENÇÃO ATIVA*")>0, "MANUTENÇÃO ATIVA", IF(COUNTIFS(MANUTENÇÃO!B:B,B28,MANUTENÇÃO!C:C,"*PENDENTE MANUTENÇÃO*")>0, "PENDENTE MANUTENÇÃO", IF(E28="ON","COM SINAL","SEM SINAL") ) ) -> SEM SINAL | I28: =IF(ISTEXT(F28), IF(ISNUMBER(FIND("desatualizada",F28)),"DESATUALIZADA",""), _xlfn.LET(_xlpm.x,IF(F28<=1,F28*100,F28), IF(_xlpm.x>=70,"ALTA", IF(_xlpm.x>=30,"REGULAR", IF(_xlpm.x>=15,"BAIXA","CRÍTICA"))))) -> DESATUALIZADA | J28: =IFERROR(VLOOKUP(C28,'SETORES VARRIÇÃO'!H:I,2,FALSE),VLOOKUP(PERFORMANCE!C28,'SETORES PRAÇA'!H:I,2,FALSE)) -> 46006 | K28: =COUNTIF('TROCAS SELIMP'!$C$2:$F$901,PERFORMANCE!B28) -> 5 | L28: =COUNTIFS('HISTORICO GERAL'!$D:D, B28, 'HISTORICO GERAL'!$A:A, ">="&J28, 'HISTORICO GERAL'!$G:G, "ON") -> 51 | M28: =COUNTIFS('HISTORICO GERAL'!$D:D, B28, 'HISTORICO GERAL'!$A:A, ">="&J28, 'HISTORICO GERAL'!$G:G, "OFF") -> 9 | N28: =L28/(L28+M28) -> 0.85
A29: JT | B29: JT10304VJ0052 | C29: 03-0027 | D29: Quarta/Sábado | E29: ON | F29: 0.44 | G29: 04/05/2026 14:15:07 | H29: =IF(COUNTIFS(MANUTENÇÃO!B:B,B29,MANUTENÇÃO!C:C,"*MANUTENÇÃO ATIVA*")>0, "MANUTENÇÃO ATIVA", IF(COUNTIFS(MANUTENÇÃO!B:B,B29,MANUTENÇÃO!C:C,"*PENDENTE MANUTENÇÃO*")>0, "PENDENTE MANUTENÇÃO", IF(E29="ON","COM SINAL","SEM SINAL") ) ) -> COM SINAL | I29: =IF(ISTEXT(F29), IF(ISNUMBER(FIND("desatualizada",F29)),"DESATUALIZADA",""), _xlfn.LET(_xlpm.x,IF(F29<=1,F29*100,F29), IF(_xlpm.x>=70,"ALTA", IF(_xlpm.x>=30,"REGULAR", IF(_xlpm.x>=15,"BAIXA","CRÍTICA"))))) -> REGULAR | J29: =IFERROR(VLOOKUP(C29,'SETORES VARRIÇÃO'!H:I,2,FALSE),VLOOKUP(PERFORMANCE!C29,'SETORES PRAÇA'!H:I,2,FALSE)) -> 46001 | K29: =COUNTIF('TROCAS SELIMP'!$C$2:$F$901,PERFORMANCE!B29) -> 5 | L29: =COUNTIFS('HISTORICO GERAL'!$D:D, B29, 'HISTORICO GERAL'!$A:A, ">="&J29, 'HISTORICO GERAL'!$G:G, "ON") -> 49 | M29: =COUNTIFS('HISTORICO GERAL'!$D:D, B29, 'HISTORICO GERAL'!$A:A, ">="&J29, 'HISTORICO GERAL'!$G:G, "OFF") -> 12 | N29: =L29/(L29+M29) -> 0.80327869
A30: CV | B30: CV10203VJ0058 | C30: 03-0028 | D30: Terça/Quinta/Sábado | E30: OFF | F30: 0% (Bateria desatualizada) | G30: 29/04/2026 15:18:46 | H30: =IF(COUNTIFS(MANUTENÇÃO!B:B,B30,MANUTENÇÃO!C:C,"*MANUTENÇÃO ATIVA*")>0, "MANUTENÇÃO ATIVA", IF(COUNTIFS(MANUTENÇÃO!B:B,B30,MANUTENÇÃO!C:C,"*PENDENTE MANUTENÇÃO*")>0, "PENDENTE MANUTENÇÃO", IF(E30="ON","COM SINAL","SEM SINAL") ) ) -> SEM SINAL | I30: =IF(ISTEXT(F30), IF(ISNUMBER(FIND("desatualizada",F30)),"DESATUALIZADA",""), _xlfn.LET(_xlpm.x,IF(F30<=1,F30*100,F30), IF(_xlpm.x>=70,"ALTA", IF(_xlpm.x>=30,"REGULAR", IF(_xlpm.x>=15,"BAIXA","CRÍTICA"))))) -> DESATUALIZADA | J30: =IFERROR(VLOOKUP(C30,'SETORES VARRIÇÃO'!H:I,2,FALSE),VLOOKUP(PERFORMANCE!C30,'SETORES PRAÇA'!H:I,2,FALSE)) -> 45993 | K30: =COUNTIF('TROCAS SELIMP'!$C$2:$F$901,PERFORMANCE!B30) -> 3 | L30: =COUNTIFS('HISTORICO GERAL'!$D:D, B30, 'HISTORICO GERAL'!$A:A, ">="&J30, 'HISTORICO GERAL'!$G:G, "ON") -> 58 | M30: =COUNTIFS('HISTORICO GERAL'!$D:D, B30, 'HISTORICO GERAL'!$A:A, ">="&J30, 'HISTORICO GERAL'!$G:G, "OFF") -> 2 | N30: =L30/(L30+M30) -> 0.96666667
A31: CV | B31: CV10203VJ0055 | C31: 03-0029 | D31: Terça/Quinta/Sábado | E31: ON | F31: 0.12 | G31: 04/05/2026 14:12:28 | H31: =IF(COUNTIFS(MANUTENÇÃO!B:B,B31,MANUTENÇÃO!C:C,"*MANUTENÇÃO ATIVA*")>0, "MANUTENÇÃO ATIVA", IF(COUNTIFS(MANUTENÇÃO!B:B,B31,MANUTENÇÃO!C:C,"*PENDENTE MANUTENÇÃO*")>0, "PENDENTE MANUTENÇÃO", IF(E31="ON","COM SINAL","SEM SINAL") ) ) -> COM SINAL | I31: =IF(ISTEXT(F31), IF(ISNUMBER(FIND("desatualizada",F31)),"DESATUALIZADA",""), _xlfn.LET(_xlpm.x,IF(F31<=1,F31*100,F31), IF(_xlpm.x>=70,"ALTA", IF(_xlpm.x>=30,"REGULAR", IF(_xlpm.x>=15,"BAIXA","CRÍTICA"))))) -> CRÍTICA | J31: =IFERROR(VLOOKUP(C31,'SETORES VARRIÇÃO'!H:I,2,FALSE),VLOOKUP(PERFORMANCE!C31,'SETORES PRAÇA'!H:I,2,FALSE)) -> 45993 | K31: =COUNTIF('TROCAS SELIMP'!$C$2:$F$901,PERFORMANCE!B31) -> 3 | L31: =COUNTIFS('HISTORICO GERAL'!$D:D, B31, 'HISTORICO GERAL'!$A:A, ">="&J31, 'HISTORICO GERAL'!$G:G, "ON") -> 54 | M31: =COUNTIFS('HISTORICO GERAL'!$D:D, B31, 'HISTORICO GERAL'!$A:A, ">="&J31, 'HISTORICO GERAL'!$G:G, "OFF") -> 5 | N31: =L31/(L31+M31) -> 0.91525424
A32: JT | B32: JT10302VJ0015 | C32: 03-0030 | D32: Segunda/Quinta | E32: ON | F32: 0.35 | G32: 04/05/2026 14:00:03 | H32: =IF(COUNTIFS(MANUTENÇÃO!B:B,B32,MANUTENÇÃO!C:C,"*MANUTENÇÃO ATIVA*")>0, "MANUTENÇÃO ATIVA", IF(COUNTIFS(MANUTENÇÃO!B:B,B32,MANUTENÇÃO!C:C,"*PENDENTE MANUTENÇÃO*")>0, "PENDENTE MANUTENÇÃO", IF(E32="ON","COM SINAL","SEM SINAL") ) ) -> COM SINAL | I32: =IF(ISTEXT(F32), IF(ISNUMBER(FIND("desatualizada",F32)),"DESATUALIZADA",""), _xlfn.LET(_xlpm.x,IF(F32<=1,F32*100,F32), IF(_xlpm.x>=70,"ALTA", IF(_xlpm.x>=30,"REGULAR", IF(_xlpm.x>=15,"BAIXA","CRÍTICA"))))) -> REGULAR | J32: =IFERROR(VLOOKUP(C32,'SETORES VARRIÇÃO'!H:I,2,FALSE),VLOOKUP(PERFORMANCE!C32,'SETORES PRAÇA'!H:I,2,FALSE)) -> 46002 | K32: =COUNTIF('TROCAS SELIMP'!$C$2:$F$901,PERFORMANCE!B32) -> 2 | L32: =COUNTIFS('HISTORICO GERAL'!$D:D, B32, 'HISTORICO GERAL'!$A:A, ">="&J32, 'HISTORICO GERAL'!$G:G, "ON") -> 59 | M32: =COUNTIFS('HISTORICO GERAL'!$D:D, B32, 'HISTORICO GERAL'!$A:A, ">="&J32, 'HISTORICO GERAL'!$G:G, "OFF") -> 0 | N32: =L32/(L32+M32) -> 1
A33: JT | B33: JT10304VJ0047 | C33: 03-0031 | D33: Quarta/Sábado | E33: ON | F33: 0.12 | G33: 04/05/2026 13:57:55 | H33: =IF(COUNTIFS(MANUTENÇÃO!B:B,B33,MANUTENÇÃO!C:C,"*MANUTENÇÃO ATIVA*")>0, "MANUTENÇÃO ATIVA", IF(COUNTIFS(MANUTENÇÃO!B:B,B33,MANUTENÇÃO!C:C,"*PENDENTE MANUTENÇÃO*")>0, "PENDENTE MANUTENÇÃO", IF(E33="ON","COM SINAL","SEM SINAL") ) ) -> COM SINAL | I33: =IF(ISTEXT(F33), IF(ISNUMBER(FIND("desatualizada",F33)),"DESATUALIZADA",""), _xlfn.LET(_xlpm.x,IF(F33<=1,F33*100,F33), IF(_xlpm.x>=70,"ALTA", IF(_xlpm.x>=30,"REGULAR", IF(_xlpm.x>=15,"BAIXA","CRÍTICA"))))) -> CRÍTICA | J33: =IFERROR(VLOOKUP(C33,'SETORES VARRIÇÃO'!H:I,2,FALSE),VLOOKUP(PERFORMANCE!C33,'SETORES PRAÇA'!H:I,2,FALSE)) -> 46001 | K33: =COUNTIF('TROCAS SELIMP'!$C$2:$F$901,PERFORMANCE!B33) -> 3 | L33: =COUNTIFS('HISTORICO GERAL'!$D:D, B33, 'HISTORICO GERAL'!$A:A, ">="&J33, 'HISTORICO GERAL'!$G:G, "ON") -> 59 | M33: =COUNTIFS('HISTORICO GERAL'!$D:D, B33, 'HISTORICO GERAL'!$A:A, ">="&J33, 'HISTORICO GERAL'!$G:G, "OFF") -> 1 | N33: =L33/(L33+M33) -> 0.98333333
A34: JT | B34: JT10304VJ0051 | C34: 03-0032 | D34: Quarta/Sábado | E34: ON | F34: 0.69 | G34: 04/05/2026 14:17:33 | H34: =IF(COUNTIFS(MANUTENÇÃO!B:B,B34,MANUTENÇÃO!C:C,"*MANUTENÇÃO ATIVA*")>0, "MANUTENÇÃO ATIVA", IF(COUNTIFS(MANUTENÇÃO!B:B,B34,MANUTENÇÃO!C:C,"*PENDENTE MANUTENÇÃO*")>0, "PENDENTE MANUTENÇÃO", IF(E34="ON","COM SINAL","SEM SINAL") ) ) -> COM SINAL | I34: =IF(ISTEXT(F34), IF(ISNUMBER(FIND("desatualizada",F34)),"DESATUALIZADA",""), _xlfn.LET(_xlpm.x,IF(F34<=1,F34*100,F34), IF(_xlpm.x>=70,"ALTA", IF(_xlpm.x>=30,"REGULAR", IF(_xlpm.x>=15,"BAIXA","CRÍTICA"))))) -> REGULAR | J34: =IFERROR(VLOOKUP(C34,'SETORES VARRIÇÃO'!H:I,2,FALSE),VLOOKUP(PERFORMANCE!C34,'SETORES PRAÇA'!H:I,2,FALSE)) -> 46001 | K34: =COUNTIF('TROCAS SELIMP'!$C$2:$F$901,PERFORMANCE!B34) -> 5 | L34: =COUNTIFS('HISTORICO GERAL'!$D:D, B34, 'HISTORICO GERAL'!$A:A, ">="&J34, 'HISTORICO GERAL'!$G:G, "ON") -> 55 | M34: =COUNTIFS('HISTORICO GERAL'!$D:D, B34, 'HISTORICO GERAL'!$A:A, ">="&J34, 'HISTORICO GERAL'!$G:G, "OFF") -> 6 | N34: =L34/(L34+M34) -> 0.90163934
A35: JT | B35: JT20102VJ0002 | C35: 03-0033 | D35: Segunda a Domingo | E35: OFF | F35: 66% (Bateria desatualizada) | G35: 02/03/2026 14:10:55 | H35: =IF(COUNTIFS(MANUTENÇÃO!B:B,B35,MANUTENÇÃO!C:C,"*MANUTENÇÃO ATIVA*")>0, "MANUTENÇÃO ATIVA", IF(COUNTIFS(MANUTENÇÃO!B:B,B35,MANUTENÇÃO!C:C,"*PENDENTE MANUTENÇÃO*")>0, "PENDENTE MANUTENÇÃO", IF(E35="ON","COM SINAL","SEM SINAL") ) ) -> SEM SINAL | I35: =IF(ISTEXT(F35), IF(ISNUMBER(FIND("desatualizada",F35)),"DESATUALIZADA",""), _xlfn.LET(_xlpm.x,IF(F35<=1,F35*100,F35), IF(_xlpm.x>=70,"ALTA", IF(_xlpm.x>=30,"REGULAR", IF(_xlpm.x>=15,"BAIXA","CRÍTICA"))))) -> DESATUALIZADA | J35: =IFERROR(VLOOKUP(C35,'SETORES VARRIÇÃO'!H:I,2,FALSE),VLOOKUP(PERFORMANCE!C35,'SETORES PRAÇA'!H:I,2,FALSE)) -> 46007 | K35: =COUNTIF('TROCAS SELIMP'!$C$2:$F$901,PERFORMANCE!B35) -> 5 | L35: =COUNTIFS('HISTORICO GERAL'!$D:D, B35, 'HISTORICO GERAL'!$A:A, ">="&J35, 'HISTORICO GERAL'!$G:G, "ON") -> 21 | M35: =COUNTIFS('HISTORICO GERAL'!$D:D, B35, 'HISTORICO GERAL'!$A:A, ">="&J35, 'HISTORICO GERAL'!$G:G, "OFF") -> 39 | N35: =L35/(L35+M35) -> 0.35
A36: CV | B36: CV10203VJ0059 | C36: 03-0034 | D36: Terça/Quinta/Sábado | E36: ON | F36: 0.54 | G36: 04/05/2026 14:10:42 | H36: =IF(COUNTIFS(MANUTENÇÃO!B:B,B36,MANUTENÇÃO!C:C,"*MANUTENÇÃO ATIVA*")>0, "MANUTENÇÃO ATIVA", IF(COUNTIFS(MANUTENÇÃO!B:B,B36,MANUTENÇÃO!C:C,"*PENDENTE MANUTENÇÃO*")>0, "PENDENTE MANUTENÇÃO", IF(E36="ON","COM SINAL","SEM SINAL") ) ) -> COM SINAL | I36: =IF(ISTEXT(F36), IF(ISNUMBER(FIND("desatualizada",F36)),"DESATUALIZADA",""), _xlfn.LET(_xlpm.x,IF(F36<=1,F36*100,F36), IF(_xlpm.x>=70,"ALTA", IF(_xlpm.x>=30,"REGULAR", IF(_xlpm.x>=15,"BAIXA","CRÍTICA"))))) -> REGULAR | J36: =IFERROR(VLOOKUP(C36,'SETORES VARRIÇÃO'!H:I,2,FALSE),VLOOKUP(PERFORMANCE!C36,'SETORES PRAÇA'!H:I,2,FALSE)) -> 45993 | K36: =COUNTIF('TROCAS SELIMP'!$C$2:$F$901,PERFORMANCE!B36) -> 3 | L36: =COUNTIFS('HISTORICO GERAL'!$D:D, B36, 'HISTORICO GERAL'!$A:A, ">="&J36, 'HISTORICO GERAL'!$G:G, "ON") -> 57 | M36: =COUNTIFS('HISTORICO GERAL'!$D:D, B36, 'HISTORICO GERAL'!$A:A, ">="&J36, 'HISTORICO GERAL'!$G:G, "OFF") -> 4 | N36: =L36/(L36+M36) -> 0.93442623
A37: CV | B37: CV10203VJ0061 | C37: 03-0035 | D37: Terça/Quinta/Sábado | E37: OFF | F37: 11% (Bateria desatualizada) | G37: 17/03/2026 13:15:12 | H37: =IF(COUNTIFS(MANUTENÇÃO!B:B,B37,MANUTENÇÃO!C:C,"*MANUTENÇÃO ATIVA*")>0, "MANUTENÇÃO ATIVA", IF(COUNTIFS(MANUTENÇÃO!B:B,B37,MANUTENÇÃO!C:C,"*PENDENTE MANUTENÇÃO*")>0, "PENDENTE MANUTENÇÃO", IF(E37="ON","COM SINAL","SEM SINAL") ) ) -> PENDENTE MANUTENÇÃO | I37: =IF(ISTEXT(F37), IF(ISNUMBER(FIND("desatualizada",F37)),"DESATUALIZADA",""), _xlfn.LET(_xlpm.x,IF(F37<=1,F37*100,F37), IF(_xlpm.x>=70,"ALTA", IF(_xlpm.x>=30,"REGULAR", IF(_xlpm.x>=15,"BAIXA","CRÍTICA"))))) -> DESATUALIZADA | J37: =IFERROR(VLOOKUP(C37,'SETORES VARRIÇÃO'!H:I,2,FALSE),VLOOKUP(PERFORMANCE!C37,'SETORES PRAÇA'!H:I,2,FALSE)) -> 45993 | K37: =COUNTIF('TROCAS SELIMP'!$C$2:$F$901,PERFORMANCE!B37) -> 7 | L37: =COUNTIFS('HISTORICO GERAL'!$D:D, B37, 'HISTORICO GERAL'!$A:A, ">="&J37, 'HISTORICO GERAL'!$G:G, "ON") -> 18 | M37: =COUNTIFS('HISTORICO GERAL'!$D:D, B37, 'HISTORICO GERAL'!$A:A, ">="&J37, 'HISTORICO GERAL'!$G:G, "OFF") -> 42 | N37: =L37/(L37+M37) -> 0.3
A38: CV | B38: CV10101VL0001 | C38: 03-0036 | D38: Segunda a Domingo | E38: OFF | F38: 22% (Bateria desatualizada) | G38: 23/04/2026 08:01:15 | H38: =IF(COUNTIFS(MANUTENÇÃO!B:B,B38,MANUTENÇÃO!C:C,"*MANUTENÇÃO ATIVA*")>0, "MANUTENÇÃO ATIVA", IF(COUNTIFS(MANUTENÇÃO!B:B,B38,MANUTENÇÃO!C:C,"*PENDENTE MANUTENÇÃO*")>0, "PENDENTE MANUTENÇÃO", IF(E38="ON","COM SINAL","SEM SINAL") ) ) -> SEM SINAL | I38: =IF(ISTEXT(F38), IF(ISNUMBER(FIND("desatualizada",F38)),"DESATUALIZADA",""), _xlfn.LET(_xlpm.x,IF(F38<=1,F38*100,F38), IF(_xlpm.x>=70,"ALTA", IF(_xlpm.x>=30,"REGULAR", IF(_xlpm.x>=15,"BAIXA","CRÍTICA"))))) -> DESATUALIZADA | J38: =IFERROR(VLOOKUP(C38,'SETORES VARRIÇÃO'!H:I,2,FALSE),VLOOKUP(PERFORMANCE!C38,'SETORES PRAÇA'!H:I,2,FALSE)) -> 45997 | K38: =COUNTIF('TROCAS SELIMP'!$C$2:$F$901,PERFORMANCE!B38) -> 4 | L38: =COUNTIFS('HISTORICO GERAL'!$D:D, B38, 'HISTORICO GERAL'!$A:A, ">="&J38, 'HISTORICO GERAL'!$G:G, "ON") -> 49 | M38: =COUNTIFS('HISTORICO GERAL'!$D:D, B38, 'HISTORICO GERAL'!$A:A, ">="&J38, 'HISTORICO GERAL'!$G:G, "OFF") -> 10 | N38: =L38/(L38+M38) -> 0.83050847
A39: JT | B39: JT10302VJ0005 | C39: 03-0037 | D39: Segunda/Quinta | E39: ON | F39: 0 | G39: 04/05/2026 08:03:16 | H39: =IF(COUNTIFS(MANUTENÇÃO!B:B,B39,MANUTENÇÃO!C:C,"*MANUTENÇÃO ATIVA*")>0, "MANUTENÇÃO ATIVA", IF(COUNTIFS(MANUTENÇÃO!B:B,B39,MANUTENÇÃO!C:C,"*PENDENTE MANUTENÇÃO*")>0, "PENDENTE MANUTENÇÃO", IF(E39="ON","COM SINAL","SEM SINAL") ) ) -> COM SINAL | I39: =IF(ISTEXT(F39), IF(ISNUMBER(FIND("desatualizada",F39)),"DESATUALIZADA",""), _xlfn.LET(_xlpm.x,IF(F39<=1,F39*100,F39), IF(_xlpm.x>=70,"ALTA", IF(_xlpm.x>=30,"REGULAR", IF(_xlpm.x>=15,"BAIXA","CRÍTICA"))))) -> CRÍTICA | J39: =IFERROR(VLOOKUP(C39,'SETORES VARRIÇÃO'!H:I,2,FALSE),VLOOKUP(PERFORMANCE!C39,'SETORES PRAÇA'!H:I,2,FALSE)) -> 46002 | K39: =COUNTIF('TROCAS SELIMP'!$C$2:$F$901,PERFORMANCE!B39) -> 3 | L39: =COUNTIFS('HISTORICO GERAL'!$D:D, B39, 'HISTORICO GERAL'!$A:A, ">="&J39, 'HISTORICO GERAL'!$G:G, "ON") -> 59 | M39: =COUNTIFS('HISTORICO GERAL'!$D:D, B39, 'HISTORICO GERAL'!$A:A, ">="&J39, 'HISTORICO GERAL'!$G:G, "OFF") -> 1 | N39: =L39/(L39+M39) -> 0.98333333
A40: CV | B40: CV10202VJ0030 | C40: 03-0038 | D40: Segunda/Quarta/Sexta | E40: OFF | F40: 34% (Bateria desatualizada) | G40: 11/03/2026 10:51:56 | H40: =IF(COUNTIFS(MANUTENÇÃO!B:B,B40,MANUTENÇÃO!C:C,"*MANUTENÇÃO ATIVA*")>0, "MANUTENÇÃO ATIVA", IF(COUNTIFS(MANUTENÇÃO!B:B,B40,MANUTENÇÃO!C:C,"*PENDENTE MANUTENÇÃO*")>0, "PENDENTE MANUTENÇÃO", IF(E40="ON","COM SINAL","SEM SINAL") ) ) -> PENDENTE MANUTENÇÃO | I40: =IF(ISTEXT(F40), IF(ISNUMBER(FIND("desatualizada",F40)),"DESATUALIZADA",""), _xlfn.LET(_xlpm.x,IF(F40<=1,F40*100,F40), IF(_xlpm.x>=70,"ALTA", IF(_xlpm.x>=30,"REGULAR", IF(_xlpm.x>=15,"BAIXA","CRÍTICA"))))) -> DESATUALIZADA | J40: =IFERROR(VLOOKUP(C40,'SETORES VARRIÇÃO'!H:I,2,FALSE),VLOOKUP(PERFORMANCE!C40,'SETORES PRAÇA'!H:I,2,FALSE)) -> 45996 | K40: =COUNTIF('TROCAS SELIMP'!$C$2:$F$901,PERFORMANCE!B40) -> 6 | L40: =COUNTIFS('HISTORICO GERAL'!$D:D, B40, 'HISTORICO GERAL'!$A:A, ">="&J40, 'HISTORICO GERAL'!$G:G, "ON") -> 19 | M40: =COUNTIFS('HISTORICO GERAL'!$D:D, B40, 'HISTORICO GERAL'!$A:A, ">="&J40, 'HISTORICO GERAL'!$G:G, "OFF") -> 41 | N40: =L40/(L40+M40) -> 0.31666667
A41: CV | B41: CV10203VJ0047 | C41: 03-0039 | D41: Terça/Quinta/Sábado | E41: OFF | F41: 0% (Bateria desatualizada) | G41: 30/04/2026 07:47:31 | H41: =IF(COUNTIFS(MANUTENÇÃO!B:B,B41,MANUTENÇÃO!C:C,"*MANUTENÇÃO ATIVA*")>0, "MANUTENÇÃO ATIVA", IF(COUNTIFS(MANUTENÇÃO!B:B,B41,MANUTENÇÃO!C:C,"*PENDENTE MANUTENÇÃO*")>0, "PENDENTE MANUTENÇÃO", IF(E41="ON","COM SINAL","SEM SINAL") ) ) -> SEM SINAL | I41: =IF(ISTEXT(F41), IF(ISNUMBER(FIND("desatualizada",F41)),"DESATUALIZADA",""), _xlfn.LET(_xlpm.x,IF(F41<=1,F41*100,F41), IF(_xlpm.x>=70,"ALTA", IF(_xlpm.x>=30,"REGULAR", IF(_xlpm.x>=15,"BAIXA","CRÍTICA"))))) -> DESATUALIZADA | J41: =IFERROR(VLOOKUP(C41,'SETORES VARRIÇÃO'!H:I,2,FALSE),VLOOKUP(PERFORMANCE!C41,'SETORES PRAÇA'!H:I,2,FALSE)) -> 45993 | K41: =COUNTIF('TROCAS SELIMP'!$C$2:$F$901,PERFORMANCE!B41) -> 5 | L41: =COUNTIFS('HISTORICO GERAL'!$D:D, B41, 'HISTORICO GERAL'!$A:A, ">="&J41, 'HISTORICO GERAL'!$G:G, "ON") -> 56 | M41: =COUNTIFS('HISTORICO GERAL'!$D:D, B41, 'HISTORICO GERAL'!$A:A, ">="&J41, 'HISTORICO GERAL'!$G:G, "OFF") -> 3 | N41: =L41/(L41+M41) -> 0.94915254
A42: JT | B42: JT10304VJ0037 | C42: 03-0040 | D42: Quarta/Sábado | E42: OFF | F42: 0% (Bateria desatualizada) | G42: 27/04/2026 15:03:04 | H42: =IF(COUNTIFS(MANUTENÇÃO!B:B,B42,MANUTENÇÃO!C:C,"*MANUTENÇÃO ATIVA*")>0, "MANUTENÇÃO ATIVA", IF(COUNTIFS(MANUTENÇÃO!B:B,B42,MANUTENÇÃO!C:C,"*PENDENTE MANUTENÇÃO*")>0, "PENDENTE MANUTENÇÃO", IF(E42="ON","COM SINAL","SEM SINAL") ) ) -> SEM SINAL | I42: =IF(ISTEXT(F42), IF(ISNUMBER(FIND("desatualizada",F42)),"DESATUALIZADA",""), _xlfn.LET(_xlpm.x,IF(F42<=1,F42*100,F42), IF(_xlpm.x>=70,"ALTA", IF(_xlpm.x>=30,"REGULAR", IF(_xlpm.x>=15,"BAIXA","CRÍTICA"))))) -> DESATUALIZADA | J42: =IFERROR(VLOOKUP(C42,'SETORES VARRIÇÃO'!H:I,2,FALSE),VLOOKUP(PERFORMANCE!C42,'SETORES PRAÇA'!H:I,2,FALSE)) -> 46001 | K42: =COUNTIF('TROCAS SELIMP'!$C$2:$F$901,PERFORMANCE!B42) -> 3 | L42: =COUNTIFS('HISTORICO GERAL'!$D:D, B42, 'HISTORICO GERAL'!$A:A, ">="&J42, 'HISTORICO GERAL'!$G:G, "ON") -> 55 | M42: =COUNTIFS('HISTORICO GERAL'!$D:D, B42, 'HISTORICO GERAL'!$A:A, ">="&J42, 'HISTORICO GERAL'!$G:G, "OFF") -> 5 | N42: =L42/(L42+M42) -> 0.91666667
A43: JT | B43: JT10303VJ0033 | C43: 03-0041 | D43: Terça/Sexta | E43: ON | F43: 0.12 | G43: 04/05/2026 14:07:45 | H43: =IF(COUNTIFS(MANUTENÇÃO!B:B,B43,MANUTENÇÃO!C:C,"*MANUTENÇÃO ATIVA*")>0, "MANUTENÇÃO ATIVA", IF(COUNTIFS(MANUTENÇÃO!B:B,B43,MANUTENÇÃO!C:C,"*PENDENTE MANUTENÇÃO*")>0, "PENDENTE MANUTENÇÃO", IF(E43="ON","COM SINAL","SEM SINAL") ) ) -> COM SINAL | I43: =IF(ISTEXT(F43), IF(ISNUMBER(FIND("desatualizada",F43)),"DESATUALIZADA",""), _xlfn.LET(_xlpm.x,IF(F43<=1,F43*100,F43), IF(_xlpm.x>=70,"ALTA", IF(_xlpm.x>=30,"REGULAR", IF(_xlpm.x>=15,"BAIXA","CRÍTICA"))))) -> CRÍTICA | J43: =IFERROR(VLOOKUP(C43,'SETORES VARRIÇÃO'!H:I,2,FALSE),VLOOKUP(PERFORMANCE!C43,'SETORES PRAÇA'!H:I,2,FALSE)) -> 46000 | K43: =COUNTIF('TROCAS SELIMP'!$C$2:$F$901,PERFORMANCE!B43) -> 4 | L43: =COUNTIFS('HISTORICO GERAL'!$D:D, B43, 'HISTORICO GERAL'!$A:A, ">="&J43, 'HISTORICO GERAL'!$G:G, "ON") -> 53 | M43: =COUNTIFS('HISTORICO GERAL'!$D:D, B43, 'HISTORICO GERAL'!$A:A, ">="&J43, 'HISTORICO GERAL'!$G:G, "OFF") -> 6 | N43: =L43/(L43+M43) -> 0.89830508
A44: JT | B44: JT10202VJ0056 | C44: 03-0042 | D44: Segunda/Quarta/Sexta | E44: ON | F44: 0.29 | G44: 04/05/2026 14:03:14 | H44: =IF(COUNTIFS(MANUTENÇÃO!B:B,B44,MANUTENÇÃO!C:C,"*MANUTENÇÃO ATIVA*")>0, "MANUTENÇÃO ATIVA", IF(COUNTIFS(MANUTENÇÃO!B:B,B44,MANUTENÇÃO!C:C,"*PENDENTE MANUTENÇÃO*")>0, "PENDENTE MANUTENÇÃO", IF(E44="ON","COM SINAL","SEM SINAL") ) ) -> COM SINAL | I44: =IF(ISTEXT(F44), IF(ISNUMBER(FIND("desatualizada",F44)),"DESATUALIZADA",""), _xlfn.LET(_xlpm.x,IF(F44<=1,F44*100,F44), IF(_xlpm.x>=70,"ALTA", IF(_xlpm.x>=30,"REGULAR", IF(_xlpm.x>=15,"BAIXA","CRÍTICA"))))) -> BAIXA | J44: =IFERROR(VLOOKUP(C44,'SETORES VARRIÇÃO'!H:I,2,FALSE),VLOOKUP(PERFORMANCE!C44,'SETORES PRAÇA'!H:I,2,FALSE)) -> 46006 | K44: =COUNTIF('TROCAS SELIMP'!$C$2:$F$901,PERFORMANCE!B44) -> 4 | L44: =COUNTIFS('HISTORICO GERAL'!$D:D, B44, 'HISTORICO GERAL'!$A:A, ">="&J44, 'HISTORICO GERAL'!$G:G, "ON") -> 59 | M44: =COUNTIFS('HISTORICO GERAL'!$D:D, B44, 'HISTORICO GERAL'!$A:A, ">="&J44, 'HISTORICO GERAL'!$G:G, "OFF") -> 1 | N44: =L44/(L44+M44) -> 0.98333333
A45: JT | B45: JT10303VJ0029 | C45: 03-0043 | D45: Terça/Sexta | E45: ON | F45: 0.39 | G45: 04/05/2026 14:03:03 | H45: =IF(COUNTIFS(MANUTENÇÃO!B:B,B45,MANUTENÇÃO!C:C,"*MANUTENÇÃO ATIVA*")>0, "MANUTENÇÃO ATIVA", IF(COUNTIFS(MANUTENÇÃO!B:B,B45,MANUTENÇÃO!C:C,"*PENDENTE MANUTENÇÃO*")>0, "PENDENTE MANUTENÇÃO", IF(E45="ON","COM SINAL","SEM SINAL") ) ) -> COM SINAL | I45: =IF(ISTEXT(F45), IF(ISNUMBER(FIND("desatualizada",F45)),"DESATUALIZADA",""), _xlfn.LET(_xlpm.x,IF(F45<=1,F45*100,F45), IF(_xlpm.x>=70,"ALTA", IF(_xlpm.x>=30,"REGULAR", IF(_xlpm.x>=15,"BAIXA","CRÍTICA"))))) -> REGULAR | J45: =IFERROR(VLOOKUP(C45,'SETORES VARRIÇÃO'!H:I,2,FALSE),VLOOKUP(PERFORMANCE!C45,'SETORES PRAÇA'!H:I,2,FALSE)) -> 46000 | K45: =COUNTIF('TROCAS SELIMP'!$C$2:$F$901,PERFORMANCE!B45) -> 5 | L45: =COUNTIFS('HISTORICO GERAL'!$D:D, B45, 'HISTORICO GERAL'!$A:A, ">="&J45, 'HISTORICO GERAL'!$G:G, "ON") -> 52 | M45: =COUNTIFS('HISTORICO GERAL'!$D:D, B45, 'HISTORICO GERAL'!$A:A, ">="&J45, 'HISTORICO GERAL'!$G:G, "OFF") -> 9 | N45: =L45/(L45+M45) -> 0.85245902
A46: CV | B46: CV10304VJ0023 | C46: 03-0044 | D46: Quarta/Sábado | E46: OFF | F46: 19% (Bateria desatualizada) | G46: 11/04/2026 10:22:31 | H46: =IF(COUNTIFS(MANUTENÇÃO!B:B,B46,MANUTENÇÃO!C:C,"*MANUTENÇÃO ATIVA*")>0, "MANUTENÇÃO ATIVA", IF(COUNTIFS(MANUTENÇÃO!B:B,B46,MANUTENÇÃO!C:C,"*PENDENTE MANUTENÇÃO*")>0, "PENDENTE MANUTENÇÃO", IF(E46="ON","COM SINAL","SEM SINAL") ) ) -> PENDENTE MANUTENÇÃO | I46: =IF(ISTEXT(F46), IF(ISNUMBER(FIND("desatualizada",F46)),"DESATUALIZADA",""), _xlfn.LET(_xlpm.x,IF(F46<=1,F46*100,F46), IF(_xlpm.x>=70,"ALTA", IF(_xlpm.x>=30,"REGULAR", IF(_xlpm.x>=15,"BAIXA","CRÍTICA"))))) -> DESATUALIZADA | J46: =IFERROR(VLOOKUP(C46,'SETORES VARRIÇÃO'!H:I,2,FALSE),VLOOKUP(PERFORMANCE!C46,'SETORES PRAÇA'!H:I,2,FALSE)) -> 45994 | K46: =COUNTIF('TROCAS SELIMP'!$C$2:$F$901,PERFORMANCE!B46) -> 7 | L46: =COUNTIFS('HISTORICO GERAL'!$D:D, B46, 'HISTORICO GERAL'!$A:A, ">="&J46, 'HISTORICO GERAL'!$G:G, "ON") -> 8 | M46: =COUNTIFS('HISTORICO GERAL'!$D:D, B46, 'HISTORICO GERAL'!$A:A, ">="&J46, 'HISTORICO GERAL'!$G:G, "OFF") -> 53 | N46: =L46/(L46+M46) -> 0.13114754
A47: JT | B47: JT10302VJ0016 | C47: 03-0045 | D47: Segunda/Quinta | E47: ON | F47: 0.38 | G47: 04/05/2026 14:16:21 | H47: =IF(COUNTIFS(MANUTENÇÃO!B:B,B47,MANUTENÇÃO!C:C,"*MANUTENÇÃO ATIVA*")>0, "MANUTENÇÃO ATIVA", IF(COUNTIFS(MANUTENÇÃO!B:B,B47,MANUTENÇÃO!C:C,"*PENDENTE MANUTENÇÃO*")>0, "PENDENTE MANUTENÇÃO", IF(E47="ON","COM SINAL","SEM SINAL") ) ) -> COM SINAL | I47: =IF(ISTEXT(F47), IF(ISNUMBER(FIND("desatualizada",F47)),"DESATUALIZADA",""), _xlfn.LET(_xlpm.x,IF(F47<=1,F47*100,F47), IF(_xlpm.x>=70,"ALTA", IF(_xlpm.x>=30,"REGULAR", IF(_xlpm.x>=15,"BAIXA","CRÍTICA"))))) -> REGULAR | J47: =IFERROR(VLOOKUP(C47,'SETORES VARRIÇÃO'!H:I,2,FALSE),VLOOKUP(PERFORMANCE!C47,'SETORES PRAÇA'!H:I,2,FALSE)) -> 46002 | K47: =COUNTIF('TROCAS SELIMP'!$C$2:$F$901,PERFORMANCE!B47) -> 4 | L47: =COUNTIFS('HISTORICO GERAL'!$D:D, B47, 'HISTORICO GERAL'!$A:A, ">="&J47, 'HISTORICO GERAL'!$G:G, "ON") -> 55 | M47: =COUNTIFS('HISTORICO GERAL'!$D:D, B47, 'HISTORICO GERAL'!$A:A, ">="&J47, 'HISTORICO GERAL'!$G:G, "OFF") -> 5 | N47: =L47/(L47+M47) -> 0.91666667
A48: JT | B48: JT10203VJ0055 | C48: 03-0046 | D48: Terça/Quinta/Sábado | E48: OFF | F48: 0% (Bateria desatualizada) | G48: 20/04/2026 14:38:03 | H48: =IF(COUNTIFS(MANUTENÇÃO!B:B,B48,MANUTENÇÃO!C:C,"*MANUTENÇÃO ATIVA*")>0, "MANUTENÇÃO ATIVA", IF(COUNTIFS(MANUTENÇÃO!B:B,B48,MANUTENÇÃO!C:C,"*PENDENTE MANUTENÇÃO*")>0, "PENDENTE MANUTENÇÃO", IF(E48="ON","COM SINAL","SEM SINAL") ) ) -> SEM SINAL | I48: =IF(ISTEXT(F48), IF(ISNUMBER(FIND("desatualizada",F48)),"DESATUALIZADA",""), _xlfn.LET(_xlpm.x,IF(F48<=1,F48*100,F48), IF(_xlpm.x>=70,"ALTA", IF(_xlpm.x>=30,"REGULAR", IF(_xlpm.x>=15,"BAIXA","CRÍTICA"))))) -> DESATUALIZADA | J48: =IFERROR(VLOOKUP(C48,'SETORES VARRIÇÃO'!H:I,2,FALSE),VLOOKUP(PERFORMANCE!C48,'SETORES PRAÇA'!H:I,2,FALSE)) -> 46003 | K48: =COUNTIF('TROCAS SELIMP'!$C$2:$F$901,PERFORMANCE!B48) -> 5 | L48: =COUNTIFS('HISTORICO GERAL'!$D:D, B48, 'HISTORICO GERAL'!$A:A, ">="&J48, 'HISTORICO GERAL'!$G:G, "ON") -> 50 | M48: =COUNTIFS('HISTORICO GERAL'!$D:D, B48, 'HISTORICO GERAL'!$A:A, ">="&J48, 'HISTORICO GERAL'!$G:G, "OFF") -> 9 | N48: =L48/(L48+M48) -> 0.84745763
A49: MG | B49: MG10101VJ0002 | C49: 03-0047 | D49: Segunda a Domingo | E49: ON | F49: 0.44 | G49: 04/05/2026 10:34:26 | H49: =IF(COUNTIFS(MANUTENÇÃO!B:B,B49,MANUTENÇÃO!C:C,"*MANUTENÇÃO ATIVA*")>0, "MANUTENÇÃO ATIVA", IF(COUNTIFS(MANUTENÇÃO!B:B,B49,MANUTENÇÃO!C:C,"*PENDENTE MANUTENÇÃO*")>0, "PENDENTE MANUTENÇÃO", IF(E49="ON","COM SINAL","SEM SINAL") ) ) -> COM SINAL | I49: =IF(ISTEXT(F49), IF(ISNUMBER(FIND("desatualizada",F49)),"DESATUALIZADA",""), _xlfn.LET(_xlpm.x,IF(F49<=1,F49*100,F49), IF(_xlpm.x>=70,"ALTA", IF(_xlpm.x>=30,"REGULAR", IF(_xlpm.x>=15,"BAIXA","CRÍTICA"))))) -> REGULAR | J49: =IFERROR(VLOOKUP(C49,'SETORES VARRIÇÃO'!H:I,2,FALSE),VLOOKUP(PERFORMANCE!C49,'SETORES PRAÇA'!H:I,2,FALSE)) -> 46004 | K49: =COUNTIF('TROCAS SELIMP'!$C$2:$F$901,PERFORMANCE!B49) -> 6 | L49: =COUNTIFS('HISTORICO GERAL'!$D:D, B49, 'HISTORICO GERAL'!$A:A, ">="&J49, 'HISTORICO GERAL'!$G:G, "ON") -> 56 | M49: =COUNTIFS('HISTORICO GERAL'!$D:D, B49, 'HISTORICO GERAL'!$A:A, ">="&J49, 'HISTORICO GERAL'!$G:G, "OFF") -> 4 | N49: =L49/(L49+M49) -> 0.93333333
A50: JT | B50: JT10303VJ0026 | C50: 03-0048 | D50: Terça/Sexta | E50: OFF | F50: 0% (Bateria desatualizada) | G50: 24/04/2026 22:23:05 | H50: =IF(COUNTIFS(MANUTENÇÃO!B:B,B50,MANUTENÇÃO!C:C,"*MANUTENÇÃO ATIVA*")>0, "MANUTENÇÃO ATIVA", IF(COUNTIFS(MANUTENÇÃO!B:B,B50,MANUTENÇÃO!C:C,"*PENDENTE MANUTENÇÃO*")>0, "PENDENTE MANUTENÇÃO", IF(E50="ON","COM SINAL","SEM SINAL") ) ) -> SEM SINAL | I50: =IF(ISTEXT(F50), IF(ISNUMBER(FIND("desatualizada",F50)),"DESATUALIZADA",""), _xlfn.LET(_xlpm.x,IF(F50<=1,F50*100,F50), IF(_xlpm.x>=70,"ALTA", IF(_xlpm.x>=30,"REGULAR", IF(_xlpm.x>=15,"BAIXA","CRÍTICA"))))) -> DESATUALIZADA | J50: =IFERROR(VLOOKUP(C50,'SETORES VARRIÇÃO'!H:I,2,FALSE),VLOOKUP(PERFORMANCE!C50,'SETORES PRAÇA'!H:I,2,FALSE)) -> 46000 | K50: =COUNTIF('TROCAS SELIMP'!$C$2:$F$901,PERFORMANCE!B50) -> 6 | L50: =COUNTIFS('HISTORICO GERAL'!$D:D, B50, 'HISTORICO GERAL'!$A:A, ">="&J50, 'HISTORICO GERAL'!$G:G, "ON") -> 53 | M50: =COUNTIFS('HISTORICO GERAL'!$D:D, B50, 'HISTORICO GERAL'!$A:A, ">="&J50, 'HISTORICO GERAL'!$G:G, "OFF") -> 7 | N50: =L50/(L50+M50) -> 0.88333333
A51: JT | B51: JT10102VJ0001 | C51: 03-0049 | D51: Segunda a Domingo | E51: OFF | F51: 0% (Bateria desatualizada) | G51: 15/04/2026 08:08:58 | H51: =IF(COUNTIFS(MANUTENÇÃO!B:B,B51,MANUTENÇÃO!C:C,"*MANUTENÇÃO ATIVA*")>0, "MANUTENÇÃO ATIVA", IF(COUNTIFS(MANUTENÇÃO!B:B,B51,MANUTENÇÃO!C:C,"*PENDENTE MANUTENÇÃO*")>0, "PENDENTE MANUTENÇÃO", IF(E51="ON","COM SINAL","SEM SINAL") ) ) -> SEM SINAL | I51: =IF(ISTEXT(F51), IF(ISNUMBER(FIND("desatualizada",F51)),"DESATUALIZADA",""), _xlfn.LET(_xlpm.x,IF(F51<=1,F51*100,F51), IF(_xlpm.x>=70,"ALTA", IF(_xlpm.x>=30,"REGULAR", IF(_xlpm.x>=15,"BAIXA","CRÍTICA"))))) -> DESATUALIZADA | J51: =IFERROR(VLOOKUP(C51,'SETORES VARRIÇÃO'!H:I,2,FALSE),VLOOKUP(PERFORMANCE!C51,'SETORES PRAÇA'!H:I,2,FALSE)) -> 46006 | K51: =COUNTIF('TROCAS SELIMP'!$C$2:$F$901,PERFORMANCE!B51) -> 6 | L51: =COUNTIFS('HISTORICO GERAL'!$D:D, B51, 'HISTORICO GERAL'!$A:A, ">="&J51, 'HISTORICO GERAL'!$G:G, "ON") -> 47 | M51: =COUNTIFS('HISTORICO GERAL'!$D:D, B51, 'HISTORICO GERAL'!$A:A, ">="&J51, 'HISTORICO GERAL'!$G:G, "OFF") -> 13 | N51: =L51/(L51+M51) -> 0.78333333
A52: CV | B52: CV10203VJ0064 | C52: 03-0050 | D52: Terça/Quinta/Sábado | E52: ON | F52: 0.7 | G52: 04/05/2026 14:19:06 | H52: =IF(COUNTIFS(MANUTENÇÃO!B:B,B52,MANUTENÇÃO!C:C,"*MANUTENÇÃO ATIVA*")>0, "MANUTENÇÃO ATIVA", IF(COUNTIFS(MANUTENÇÃO!B:B,B52,MANUTENÇÃO!C:C,"*PENDENTE MANUTENÇÃO*")>0, "PENDENTE MANUTENÇÃO", IF(E52="ON","COM SINAL","SEM SINAL") ) ) -> COM SINAL | I52: =IF(ISTEXT(F52), IF(ISNUMBER(FIND("desatualizada",F52)),"DESATUALIZADA",""), _xlfn.LET(_xlpm.x,IF(F52<=1,F52*100,F52), IF(_xlpm.x>=70,"ALTA", IF(_xlpm.x>=30,"REGULAR", IF(_xlpm.x>=15,"BAIXA","CRÍTICA"))))) -> ALTA | J52: =IFERROR(VLOOKUP(C52,'SETORES VARRIÇÃO'!H:I,2,FALSE),VLOOKUP(PERFORMANCE!C52,'SETORES PRAÇA'!H:I,2,FALSE)) -> 45995 | K52: =COUNTIF('TROCAS SELIMP'!$C$2:$F$901,PERFORMANCE!B52) -> 3 | L52: =COUNTIFS('HISTORICO GERAL'!$D:D, B52, 'HISTORICO GERAL'!$A:A, ">="&J52, 'HISTORICO GERAL'!$G:G, "ON") -> 51 | M52: =COUNTIFS('HISTORICO GERAL'!$D:D, B52, 'HISTORICO GERAL'!$A:A, ">="&J52, 'HISTORICO GERAL'!$G:G, "OFF") -> 8 | N52: =L52/(L52+M52) -> 0.86440678
A53: JT | B53: JT10304VJ0041 | C53: 03-0051 | D53: Quarta/Sábado | E53: OFF | F53: 29% (Bateria desatualizada) | G53: 01/04/2026 10:21:05 | H53: =IF(COUNTIFS(MANUTENÇÃO!B:B,B53,MANUTENÇÃO!C:C,"*MANUTENÇÃO ATIVA*")>0, "MANUTENÇÃO ATIVA", IF(COUNTIFS(MANUTENÇÃO!B:B,B53,MANUTENÇÃO!C:C,"*PENDENTE MANUTENÇÃO*")>0, "PENDENTE MANUTENÇÃO", IF(E53="ON","COM SINAL","SEM SINAL") ) ) -> PENDENTE MANUTENÇÃO | I53: =IF(ISTEXT(F53), IF(ISNUMBER(FIND("desatualizada",F53)),"DESATUALIZADA",""), _xlfn.LET(_xlpm.x,IF(F53<=1,F53*100,F53), IF(_xlpm.x>=70,"ALTA", IF(_xlpm.x>=30,"REGULAR", IF(_xlpm.x>=15,"BAIXA","CRÍTICA"))))) -> DESATUALIZADA | J53: =IFERROR(VLOOKUP(C53,'SETORES VARRIÇÃO'!H:I,2,FALSE),VLOOKUP(PERFORMANCE!C53,'SETORES PRAÇA'!H:I,2,FALSE)) -> 46001 | K53: =COUNTIF('TROCAS SELIMP'!$C$2:$F$901,PERFORMANCE!B53) -> 8 | L53: =COUNTIFS('HISTORICO GERAL'!$D:D, B53, 'HISTORICO GERAL'!$A:A, ">="&J53, 'HISTORICO GERAL'!$G:G, "ON") -> 4 | M53: =COUNTIFS('HISTORICO GERAL'!$D:D, B53, 'HISTORICO GERAL'!$A:A, ">="&J53, 'HISTORICO GERAL'!$G:G, "OFF") -> 57 | N53: =L53/(L53+M53) -> 0.06557377
A54: JT | B54: JT10302VJ0006 | C54: 03-0052 | D54: Segunda/Quinta | E54: ON | F54: 0.14 | G54: 04/05/2026 14:12:25 | H54: =IF(COUNTIFS(MANUTENÇÃO!B:B,B54,MANUTENÇÃO!C:C,"*MANUTENÇÃO ATIVA*")>0, "MANUTENÇÃO ATIVA", IF(COUNTIFS(MANUTENÇÃO!B:B,B54,MANUTENÇÃO!C:C,"*PENDENTE MANUTENÇÃO*")>0, "PENDENTE MANUTENÇÃO", IF(E54="ON","COM SINAL","SEM SINAL") ) ) -> COM SINAL | I54: =IF(ISTEXT(F54), IF(ISNUMBER(FIND("desatualizada",F54)),"DESATUALIZADA",""), _xlfn.LET(_xlpm.x,IF(F54<=1,F54*100,F54), IF(_xlpm.x>=70,"ALTA", IF(_xlpm.x>=30,"REGULAR", IF(_xlpm.x>=15,"BAIXA","CRÍTICA"))))) -> CRÍTICA | J54: =IFERROR(VLOOKUP(C54,'SETORES VARRIÇÃO'!H:I,2,FALSE),VLOOKUP(PERFORMANCE!C54,'SETORES PRAÇA'!H:I,2,FALSE)) -> 46006 | K54: =COUNTIF('TROCAS SELIMP'!$C$2:$F$901,PERFORMANCE!B54) -> 4 | L54: =COUNTIFS('HISTORICO GERAL'!$D:D, B54, 'HISTORICO GERAL'!$A:A, ">="&J54, 'HISTORICO GERAL'!$G:G, "ON") -> 58 | M54: =COUNTIFS('HISTORICO GERAL'!$D:D, B54, 'HISTORICO GERAL'!$A:A, ">="&J54, 'HISTORICO GERAL'!$G:G, "OFF") -> 2 | N54: =L54/(L54+M54) -> 0.96666667
A55: JT | B55: JT10303VJ0034 | C55: 03-0053 | D55: Terça/Sexta | E55: OFF | F55: 34% (Bateria desatualizada) | G55: 20/03/2026 11:09:42 | H55: =IF(COUNTIFS(MANUTENÇÃO!B:B,B55,MANUTENÇÃO!C:C,"*MANUTENÇÃO ATIVA*")>0, "MANUTENÇÃO ATIVA", IF(COUNTIFS(MANUTENÇÃO!B:B,B55,MANUTENÇÃO!C:C,"*PENDENTE MANUTENÇÃO*")>0, "PENDENTE MANUTENÇÃO", IF(E55="ON","COM SINAL","SEM SINAL") ) ) -> PENDENTE MANUTENÇÃO | I55: =IF(ISTEXT(F55), IF(ISNUMBER(FIND("desatualizada",F55)),"DESATUALIZADA",""), _xlfn.LET(_xlpm.x,IF(F55<=1,F55*100,F55), IF(_xlpm.x>=70,"ALTA", IF(_xlpm.x>=30,"REGULAR", IF(_xlpm.x>=15,"BAIXA","CRÍTICA"))))) -> DESATUALIZADA | J55: =IFERROR(VLOOKUP(C55,'SETORES VARRIÇÃO'!H:I,2,FALSE),VLOOKUP(PERFORMANCE!C55,'SETORES PRAÇA'!H:I,2,FALSE)) -> 46000 | K55: =COUNTIF('TROCAS SELIMP'!$C$2:$F$901,PERFORMANCE!B55) -> 6 | L55: =COUNTIFS('HISTORICO GERAL'!$D:D, B55, 'HISTORICO GERAL'!$A:A, ">="&J55, 'HISTORICO GERAL'!$G:G, "ON") -> 12 | M55: =COUNTIFS('HISTORICO GERAL'!$D:D, B55, 'HISTORICO GERAL'!$A:A, ">="&J55, 'HISTORICO GERAL'!$G:G, "OFF") -> 48 | N55: =L55/(L55+M55) -> 0.2
A56: JT | B56: JT10304VJ0040 | C56: 03-0054 | D56: Quarta/Sábado | E56: OFF | F56: 9% (Bateria desatualizada) | G56: 18/04/2026 07:27:38 | H56: =IF(COUNTIFS(MANUTENÇÃO!B:B,B56,MANUTENÇÃO!C:C,"*MANUTENÇÃO ATIVA*")>0, "MANUTENÇÃO ATIVA", IF(COUNTIFS(MANUTENÇÃO!B:B,B56,MANUTENÇÃO!C:C,"*PENDENTE MANUTENÇÃO*")>0, "PENDENTE MANUTENÇÃO", IF(E56="ON","COM SINAL","SEM SINAL") ) ) -> SEM SINAL | I56: =IF(ISTEXT(F56), IF(ISNUMBER(FIND("desatualizada",F56)),"DESATUALIZADA",""), _xlfn.LET(_xlpm.x,IF(F56<=1,F56*100,F56), IF(_xlpm.x>=70,"ALTA", IF(_xlpm.x>=30,"REGULAR", IF(_xlpm.x>=15,"BAIXA","CRÍTICA"))))) -> DESATUALIZADA | J56: =IFERROR(VLOOKUP(C56,'SETORES VARRIÇÃO'!H:I,2,FALSE),VLOOKUP(PERFORMANCE!C56,'SETORES PRAÇA'!H:I,2,FALSE)) -> 46008 | K56: =COUNTIF('TROCAS SELIMP'!$C$2:$F$901,PERFORMANCE!B56) -> 5 | L56: =COUNTIFS('HISTORICO GERAL'!$D:D, B56, 'HISTORICO GERAL'!$A:A, ">="&J56, 'HISTORICO GERAL'!$G:G, "ON") -> 51 | M56: =COUNTIFS('HISTORICO GERAL'!$D:D, B56, 'HISTORICO GERAL'!$A:A, ">="&J56, 'HISTORICO GERAL'!$G:G, "OFF") -> 8 | N56: =L56/(L56+M56) -> 0.86440678
A57: CV | B57: CV10101VJ0001 | C57: 03-0055 | D57: Segunda a Domingo | E57: OFF | F57: 0% (Bateria desatualizada) | G57: 23/04/2026 09:48:31 | H57: =IF(COUNTIFS(MANUTENÇÃO!B:B,B57,MANUTENÇÃO!C:C,"*MANUTENÇÃO ATIVA*")>0, "MANUTENÇÃO ATIVA", IF(COUNTIFS(MANUTENÇÃO!B:B,B57,MANUTENÇÃO!C:C,"*PENDENTE MANUTENÇÃO*")>0, "PENDENTE MANUTENÇÃO", IF(E57="ON","COM SINAL","SEM SINAL") ) ) -> SEM SINAL | I57: =IF(ISTEXT(F57), IF(ISNUMBER(FIND("desatualizada",F57)),"DESATUALIZADA",""), _xlfn.LET(_xlpm.x,IF(F57<=1,F57*100,F57), IF(_xlpm.x>=70,"ALTA", IF(_xlpm.x>=30,"REGULAR", IF(_xlpm.x>=15,"BAIXA","CRÍTICA"))))) -> DESATUALIZADA | J57: =IFERROR(VLOOKUP(C57,'SETORES VARRIÇÃO'!H:I,2,FALSE),VLOOKUP(PERFORMANCE!C57,'SETORES PRAÇA'!H:I,2,FALSE)) -> 45994 | K57: =COUNTIF('TROCAS SELIMP'!$C$2:$F$901,PERFORMANCE!B57) -> 4 | L57: =COUNTIFS('HISTORICO GERAL'!$D:D, B57, 'HISTORICO GERAL'!$A:A, ">="&J57, 'HISTORICO GERAL'!$G:G, "ON") -> 52 | M57: =COUNTIFS('HISTORICO GERAL'!$D:D, B57, 'HISTORICO GERAL'!$A:A, ">="&J57, 'HISTORICO GERAL'!$G:G, "OFF") -> 7 | N57: =L57/(L57+M57) -> 0.88135593
A58: CV | B58: CV10202VJ0032 | C58: 03-0056 | D58: Segunda/Quarta/Sexta | E58: OFF | F58: 100% (Bateria desatualizada) | G58: 29/04/2026 12:43:57 | H58: =IF(COUNTIFS(MANUTENÇÃO!B:B,B58,MANUTENÇÃO!C:C,"*MANUTENÇÃO ATIVA*")>0, "MANUTENÇÃO ATIVA", IF(COUNTIFS(MANUTENÇÃO!B:B,B58,MANUTENÇÃO!C:C,"*PENDENTE MANUTENÇÃO*")>0, "PENDENTE MANUTENÇÃO", IF(E58="ON","COM SINAL","SEM SINAL") ) ) -> SEM SINAL | I58: =IF(ISTEXT(F58), IF(ISNUMBER(FIND("desatualizada",F58)),"DESATUALIZADA",""), _xlfn.LET(_xlpm.x,IF(F58<=1,F58*100,F58), IF(_xlpm.x>=70,"ALTA", IF(_xlpm.x>=30,"REGULAR", IF(_xlpm.x>=15,"BAIXA","CRÍTICA"))))) -> DESATUALIZADA | J58: =IFERROR(VLOOKUP(C58,'SETORES VARRIÇÃO'!H:I,2,FALSE),VLOOKUP(PERFORMANCE!C58,'SETORES PRAÇA'!H:I,2,FALSE)) -> 45996 | K58: =COUNTIF('TROCAS SELIMP'!$C$2:$F$901,PERFORMANCE!B58) -> 5 | L58: =COUNTIFS('HISTORICO GERAL'!$D:D, B58, 'HISTORICO GERAL'!$A:A, ">="&J58, 'HISTORICO GERAL'!$G:G, "ON") -> 25 | M58: =COUNTIFS('HISTORICO GERAL'!$D:D, B58, 'HISTORICO GERAL'!$A:A, ">="&J58, 'HISTORICO GERAL'!$G:G, "OFF") -> 34 | N58: =L58/(L58+M58) -> 0.42372881
A59: CV | B59: CV10101VJ0005 | C59: 03-0057 | D59: Segunda a Domingo | E59: OFF | F59: 0% (Bateria desatualizada) | G59: 19/04/2026 03:57:01 | H59: =IF(COUNTIFS(MANUTENÇÃO!B:B,B59,MANUTENÇÃO!C:C,"*MANUTENÇÃO ATIVA*")>0, "MANUTENÇÃO ATIVA", IF(COUNTIFS(MANUTENÇÃO!B:B,B59,MANUTENÇÃO!C:C,"*PENDENTE MANUTENÇÃO*")>0, "PENDENTE MANUTENÇÃO", IF(E59="ON","COM SINAL","SEM SINAL") ) ) -> SEM SINAL | I59: =IF(ISTEXT(F59), IF(ISNUMBER(FIND("desatualizada",F59)),"DESATUALIZADA",""), _xlfn.LET(_xlpm.x,IF(F59<=1,F59*100,F59), IF(_xlpm.x>=70,"ALTA", IF(_xlpm.x>=30,"REGULAR", IF(_xlpm.x>=15,"BAIXA","CRÍTICA"))))) -> DESATUALIZADA | J59: =IFERROR(VLOOKUP(C59,'SETORES VARRIÇÃO'!H:I,2,FALSE),VLOOKUP(PERFORMANCE!C59,'SETORES PRAÇA'!H:I,2,FALSE)) -> 45994 | K59: =COUNTIF('TROCAS SELIMP'!$C$2:$F$901,PERFORMANCE!B59) -> 7 | L59: =COUNTIFS('HISTORICO GERAL'!$D:D, B59, 'HISTORICO GERAL'!$A:A, ">="&J59, 'HISTORICO GERAL'!$G:G, "ON") -> 44 | M59: =COUNTIFS('HISTORICO GERAL'!$D:D, B59, 'HISTORICO GERAL'!$A:A, ">="&J59, 'HISTORICO GERAL'!$G:G, "OFF") -> 15 | N59: =L59/(L59+M59) -> 0.74576271
A60: JT | B60: JT10302VJ0019 | C60: 03-0058 | D60: Segunda/Quinta | E60: OFF | F60: 0% (Bateria desatualizada) | G60: 29/04/2026 00:17:27 | H60: =IF(COUNTIFS(MANUTENÇÃO!B:B,B60,MANUTENÇÃO!C:C,"*MANUTENÇÃO ATIVA*")>0, "MANUTENÇÃO ATIVA", IF(COUNTIFS(MANUTENÇÃO!B:B,B60,MANUTENÇÃO!C:C,"*PENDENTE MANUTENÇÃO*")>0, "PENDENTE MANUTENÇÃO", IF(E60="ON","COM SINAL","SEM SINAL") ) ) -> SEM SINAL | I60: =IF(ISTEXT(F60), IF(ISNUMBER(FIND("desatualizada",F60)),"DESATUALIZADA",""), _xlfn.LET(_xlpm.x,IF(F60<=1,F60*100,F60), IF(_xlpm.x>=70,"ALTA", IF(_xlpm.x>=30,"REGULAR", IF(_xlpm.x>=15,"BAIXA","CRÍTICA"))))) -> DESATUALIZADA | J60: =IFERROR(VLOOKUP(C60,'SETORES VARRIÇÃO'!H:I,2,FALSE),VLOOKUP(PERFORMANCE!C60,'SETORES PRAÇA'!H:I,2,FALSE)) -> 46002 | K60: =COUNTIF('TROCAS SELIMP'!$C$2:$F$901,PERFORMANCE!B60) -> 5 | L60: =COUNTIFS('HISTORICO GERAL'!$D:D, B60, 'HISTORICO GERAL'!$A:A, ">="&J60, 'HISTORICO GERAL'!$G:G, "ON") -> 57 | M60: =COUNTIFS('HISTORICO GERAL'!$D:D, B60, 'HISTORICO GERAL'!$A:A, ">="&J60, 'HISTORICO GERAL'!$G:G, "OFF") -> 3 | N60: =L60/(L60+M60) -> 0.95
A61: JT | B61: JT20102VJ0003 | C61: 03-0059 | D61: Segunda a Domingo | E61: ON | F61: 1 | G61: 04/05/2026 14:16:26 | H61: =IF(COUNTIFS(MANUTENÇÃO!B:B,B61,MANUTENÇÃO!C:C,"*MANUTENÇÃO ATIVA*")>0, "MANUTENÇÃO ATIVA", IF(COUNTIFS(MANUTENÇÃO!B:B,B61,MANUTENÇÃO!C:C,"*PENDENTE MANUTENÇÃO*")>0, "PENDENTE MANUTENÇÃO", IF(E61="ON","COM SINAL","SEM SINAL") ) ) -> COM SINAL | I61: =IF(ISTEXT(F61), IF(ISNUMBER(FIND("desatualizada",F61)),"DESATUALIZADA",""), _xlfn.LET(_xlpm.x,IF(F61<=1,F61*100,F61), IF(_xlpm.x>=70,"ALTA", IF(_xlpm.x>=30,"REGULAR", IF(_xlpm.x>=15,"BAIXA","CRÍTICA"))))) -> ALTA | J61: =IFERROR(VLOOKUP(C61,'SETORES VARRIÇÃO'!H:I,2,FALSE),VLOOKUP(PERFORMANCE!C61,'SETORES PRAÇA'!H:I,2,FALSE)) -> 46007 | K61: =COUNTIF('TROCAS SELIMP'!$C$2:$F$901,PERFORMANCE!B61) -> 7 | L61: =COUNTIFS('HISTORICO GERAL'!$D:D, B61, 'HISTORICO GERAL'!$A:A, ">="&J61, 'HISTORICO GERAL'!$G:G, "ON") -> 31 | M61: =COUNTIFS('HISTORICO GERAL'!$D:D, B61, 'HISTORICO GERAL'!$A:A, ">="&J61, 'HISTORICO GERAL'!$G:G, "OFF") -> 29 | N61: =L61/(L61+M61) -> 0.51666667
A62: CV | B62: CV10101VJ0002 | C62: 03-0060 | D62: Segunda a Domingo | E62: ON | F62: 0.19 | G62: 04/05/2026 14:19:43 | H62: =IF(COUNTIFS(MANUTENÇÃO!B:B,B62,MANUTENÇÃO!C:C,"*MANUTENÇÃO ATIVA*")>0, "MANUTENÇÃO ATIVA", IF(COUNTIFS(MANUTENÇÃO!B:B,B62,MANUTENÇÃO!C:C,"*PENDENTE MANUTENÇÃO*")>0, "PENDENTE MANUTENÇÃO", IF(E62="ON","COM SINAL","SEM SINAL") ) ) -> COM SINAL | I62: =IF(ISTEXT(F62), IF(ISNUMBER(FIND("desatualizada",F62)),"DESATUALIZADA",""), _xlfn.LET(_xlpm.x,IF(F62<=1,F62*100,F62), IF(_xlpm.x>=70,"ALTA", IF(_xlpm.x>=30,"REGULAR", IF(_xlpm.x>=15,"BAIXA","CRÍTICA"))))) -> BAIXA | J62: =IFERROR(VLOOKUP(C62,'SETORES VARRIÇÃO'!H:I,2,FALSE),VLOOKUP(PERFORMANCE!C62,'SETORES PRAÇA'!H:I,2,FALSE)) -> 45994 | K62: =COUNTIF('TROCAS SELIMP'!$C$2:$F$901,PERFORMANCE!B62) -> 6 | L62: =COUNTIFS('HISTORICO GERAL'!$D:D, B62, 'HISTORICO GERAL'!$A:A, ">="&J62, 'HISTORICO GERAL'!$G:G, "ON") -> 52 | M62: =COUNTIFS('HISTORICO GERAL'!$D:D, B62, 'HISTORICO GERAL'!$A:A, ">="&J62, 'HISTORICO GERAL'!$G:G, "OFF") -> 7 | N62: =L62/(L62+M62) -> 0.88135593
A63: CV | B63: CV10303VJ0019 | C63: 03-0061 | D63: Terça/Sexta | E63: OFF | F63: 0% (Bateria desatualizada) | G63: 01/04/2026 12:16:58 | H63: =IF(COUNTIFS(MANUTENÇÃO!B:B,B63,MANUTENÇÃO!C:C,"*MANUTENÇÃO ATIVA*")>0, "MANUTENÇÃO ATIVA", IF(COUNTIFS(MANUTENÇÃO!B:B,B63,MANUTENÇÃO!C:C,"*PENDENTE MANUTENÇÃO*")>0, "PENDENTE MANUTENÇÃO", IF(E63="ON","COM SINAL","SEM SINAL") ) ) -> SEM SINAL | I63: =IF(ISTEXT(F63), IF(ISNUMBER(FIND("desatualizada",F63)),"DESATUALIZADA",""), _xlfn.LET(_xlpm.x,IF(F63<=1,F63*100,F63), IF(_xlpm.x>=70,"ALTA", IF(_xlpm.x>=30,"REGULAR", IF(_xlpm.x>=15,"BAIXA","CRÍTICA"))))) -> DESATUALIZADA | J63: =IFERROR(VLOOKUP(C63,'SETORES VARRIÇÃO'!H:I,2,FALSE),VLOOKUP(PERFORMANCE!C63,'SETORES PRAÇA'!H:I,2,FALSE)) -> 45996 | K63: =COUNTIF('TROCAS SELIMP'!$C$2:$F$901,PERFORMANCE!B63) -> 6 | L63: =COUNTIFS('HISTORICO GERAL'!$D:D, B63, 'HISTORICO GERAL'!$A:A, ">="&J63, 'HISTORICO GERAL'!$G:G, "ON") -> 30 | M63: =COUNTIFS('HISTORICO GERAL'!$D:D, B63, 'HISTORICO GERAL'!$A:A, ">="&J63, 'HISTORICO GERAL'!$G:G, "OFF") -> 29 | N63: =L63/(L63+M63) -> 0.50847458
A64: CV | B64: CV10304VJ0024 | C64: 03-0062 | D64: Quarta/Sábado | E64: OFF | F64: 9% (Bateria desatualizada) | G64: 01/05/2026 03:14:29 | H64: =IF(COUNTIFS(MANUTENÇÃO!B:B,B64,MANUTENÇÃO!C:C,"*MANUTENÇÃO ATIVA*")>0, "MANUTENÇÃO ATIVA", IF(COUNTIFS(MANUTENÇÃO!B:B,B64,MANUTENÇÃO!C:C,"*PENDENTE MANUTENÇÃO*")>0, "PENDENTE MANUTENÇÃO", IF(E64="ON","COM SINAL","SEM SINAL") ) ) -> SEM SINAL | I64: =IF(ISTEXT(F64), IF(ISNUMBER(FIND("desatualizada",F64)),"DESATUALIZADA",""), _xlfn.LET(_xlpm.x,IF(F64<=1,F64*100,F64), IF(_xlpm.x>=70,"ALTA", IF(_xlpm.x>=30,"REGULAR", IF(_xlpm.x>=15,"BAIXA","CRÍTICA"))))) -> DESATUALIZADA | J64: =IFERROR(VLOOKUP(C64,'SETORES VARRIÇÃO'!H:I,2,FALSE),VLOOKUP(PERFORMANCE!C64,'SETORES PRAÇA'!H:I,2,FALSE)) -> 46008 | K64: =COUNTIF('TROCAS SELIMP'!$C$2:$F$901,PERFORMANCE!B64) -> 8 | L64: =COUNTIFS('HISTORICO GERAL'!$D:D, B64, 'HISTORICO GERAL'!$A:A, ">="&J64, 'HISTORICO GERAL'!$G:G, "ON") -> 3 | M64: =COUNTIFS('HISTORICO GERAL'!$D:D, B64, 'HISTORICO GERAL'!$A:A, ">="&J64, 'HISTORICO GERAL'!$G:G, "OFF") -> 57 | N64: =L64/(L64+M64) -> 0.05
